id_cliente,idade,renda,tempo_emprego_anos,valor_divida,num_atrasos_12m,utilizacao_credito,possui_cartao_credito,score_interno,relacao_divida_renda,inadimplente
1,56,2502.64,13.7,4977.61,0,0.47,0,724,1.988,0
2,69,1720.57,1.0,608.15,2,0.383,0,629,0.353,0
3,46,4551.98,2.3,1483.04,0,0.101,1,610,0.326,0
4,32,1058.87,13.2,1703.27,2,0.502,1,647,1.607,1
5,60,1000.0,0.3,492.96,1,0.456,0,643,0.492,0
6,25,1279.27,0.5,312.17,0,0.455,1,499,0.244,0
7,38,1767.3,0.9,737.18,1,0.16,1,771,0.417,0
8,56,2041.97,4.5,4715.58,2,0.105,1,571,2.308,0
9,36,1602.6,0.8,3291.22,1,0.381,0,573,2.052,0
10,40,2156.04,17.2,1908.44,1,0.139,0,623,0.885,0
11,28,1000.0,3.0,1639.55,1,0.144,1,641,1.638,1
12,28,3721.5,3.5,4998.68,2,0.455,0,766,1.343,0
13,41,1735.28,1.4,2937.5,2,0.299,0,671,1.692,1
14,70,3161.01,3.2,5394.83,0,0.255,1,695,1.706,0
15,53,2146.0,5.4,3373.16,1,0.205,1,671,1.571,0
16,57,2271.91,7.0,1511.4,1,0.62,1,668,0.665,0
17,41,2403.99,7.0,234.43,1,0.076,0,674,0.097,0
18,20,2261.66,4.3,2575.84,2,0.274,1,495,1.138,0
19,39,2493.3,11.7,5553.66,1,0.23,1,630,2.227,0
20,70,3514.23,8.5,5003.36,2,0.227,1,742,1.423,0
21,19,1994.72,7.1,4150.97,1,0.333,1,950,2.08,1
22,41,2577.31,0.3,6389.31,1,0.192,0,553,2.478,1
23,61,1728.71,0.0,707.11,3,0.051,1,683,0.409,0
24,47,3714.72,1.2,6424.4,1,0.258,0,604,1.729,0
25,55,1289.23,5.4,2173.31,0,0.18,1,813,1.684,0
26,19,4449.16,2.6,10899.94,3,0.025,1,541,2.449,1
27,38,1772.1,2.6,4366.46,1,0.251,0,699,2.463,0
28,50,1000.0,10.8,1716.7,1,0.066,1,537,1.715,0
29,29,1927.64,11.3,1174.0,2,0.269,1,624,0.609,1
30,39,1286.23,12.0,2567.83,1,0.091,0,647,1.995,0
31,61,2752.66,1.9,736.54,2,0.218,1,735,0.267,0
32,42,1304.65,5.9,2546.34,2,0.261,1,563,1.95,0
33,66,1446.51,1.6,3291.52,0,0.571,1,703,2.274,0
34,44,1000.0,1.1,957.08,1,0.36,1,651,0.956,0
35,59,1442.09,1.0,2273.58,1,0.363,0,671,1.575,0
36,45,1000.0,2.1,1075.36,0,0.217,0,726,1.074,0
37,33,1000.0,2.8,1094.41,0,0.294,1,547,1.093,0
38,32,2644.42,8.9,2051.88,2,0.266,0,714,0.776,0
39,64,2678.2,0.6,5102.84,0,0.089,0,604,1.905,1
40,68,2236.64,6.6,5234.72,2,0.239,1,737,2.339,0
41,61,1114.89,3.8,2622.09,0,0.211,1,676,2.35,0
42,69,1765.42,1.7,771.41,0,0.216,1,633,0.437,0
43,20,1804.79,3.4,3946.82,0,0.547,0,602,2.186,0
44,54,1013.15,1.8,1867.82,0,0.379,0,715,1.842,1
45,68,3834.14,4.5,2423.53,1,0.583,1,750,0.632,0
46,24,2803.66,2.8,471.61,1,0.428,0,607,0.168,0
47,38,1618.93,0.9,1084.67,3,0.316,1,559,0.67,1
48,26,1832.51,0.6,4179.08,1,0.237,1,705,2.279,0
49,56,2006.59,4.0,3176.32,4,0.094,0,534,1.582,0
50,35,1000.0,11.6,1802.64,1,0.237,1,545,1.801,1
51,21,1597.85,2.1,1027.22,0,0.238,1,564,0.642,0
52,42,1285.63,6.6,2312.18,1,0.389,1,616,1.797,0
53,31,1095.75,5.4,77.04,1,0.275,1,543,0.07,0
54,67,1570.97,13.4,1474.05,2,0.075,1,494,0.938,1
55,26,4441.93,8.6,6959.98,2,0.524,1,559,1.567,0
56,43,2490.95,4.2,909.8,1,0.018,0,701,0.365,0
57,70,1358.87,5.4,2795.89,3,0.427,0,548,2.056,0
58,19,2407.37,11.4,1414.52,1,0.196,1,622,0.587,0
59,37,3639.78,2.6,5935.39,0,0.551,1,805,1.63,0
60,45,2870.72,2.0,2908.02,1,0.185,0,646,1.013,0
61,64,1862.76,0.1,2775.72,2,0.198,1,677,1.489,0
62,24,1308.36,8.8,351.46,1,0.193,1,574,0.268,0
63,61,2563.46,8.1,108.39,1,0.107,1,823,0.042,0
64,25,2201.17,0.6,5005.26,0,0.341,1,606,2.273,0
65,64,2828.77,4.3,1906.8,0,0.228,1,631,0.674,0
66,52,2483.9,3.1,5089.99,0,0.167,1,755,2.048,0
67,31,3055.74,0.6,7634.38,0,0.357,1,635,2.498,0
68,34,1383.51,19.7,731.3,1,0.46,0,653,0.528,0
69,53,3493.63,1.2,2316.02,1,0.205,0,627,0.663,0
70,67,1995.8,0.3,3307.34,1,0.12,1,628,1.656,0
71,57,5103.24,4.5,12317.28,0,0.185,0,679,2.413,0
72,21,1281.01,6.7,2932.92,1,0.279,1,694,2.288,0
73,19,4306.94,0.2,5414.63,4,0.149,1,598,1.257,0
74,23,1996.11,5.4,3967.82,2,0.255,0,588,1.987,0
75,59,1305.43,3.8,443.02,0,0.458,1,601,0.339,1
76,21,1419.5,0.5,3468.67,2,0.373,1,537,2.442,1
77,46,1540.44,0.9,3713.83,0,0.242,1,522,2.409,0
78,35,2235.19,4.2,914.91,1,0.194,0,673,0.409,0
79,43,2348.23,1.8,1757.79,1,0.225,1,725,0.748,0
80,61,1357.16,13.9,339.82,1,0.275,0,719,0.25,0
81,51,1786.16,8.5,1213.33,2,0.18,0,459,0.679,1
82,27,5277.12,20.5,10764.74,3,0.145,0,630,2.04,0
83,53,4288.84,1.5,4056.34,2,0.15,1,561,0.946,0
84,31,2248.82,17.5,496.97,0,0.311,1,661,0.221,0
85,48,1842.73,2.8,1576.57,1,0.18,1,616,0.855,0
86,65,1919.88,2.1,4710.33,0,0.474,1,697,2.452,0
87,32,2457.15,0.3,3868.07,1,0.236,0,648,1.574,0
88,25,1084.21,0.3,1128.01,2,0.377,1,498,1.039,1
89,31,1589.72,5.9,661.87,2,0.205,0,572,0.416,0
90,40,1000.0,3.1,2465.44,0,0.389,1,650,2.463,0
91,57,2207.49,1.3,4530.04,0,0.251,0,657,2.051,0
92,38,2498.88,4.8,1758.45,1,0.095,1,537,0.703,0
93,33,1419.99,1.5,248.74,0,0.118,1,527,0.175,0
94,62,3971.87,4.3,562.27,0,0.277,0,654,0.142,1
95,35,1000.0,2.2,300.95,2,0.172,1,537,0.301,1
96,64,1000.0,8.7,1451.92,0,0.051,1,516,1.45,0
97,70,2022.78,8.6,4696.7,0,0.238,1,614,2.321,0
98,41,3051.99,3.2,3790.14,2,0.736,1,610,1.241,0
99,43,4196.32,2.2,8843.18,2,0.345,0,579,2.107,0
100,42,1437.35,2.3,1602.24,3,0.127,0,593,1.114,0
101,62,3100.57,8.2,5492.53,1,0.461,1,651,1.771,0
102,58,1773.56,2.0,3245.06,2,0.471,1,592,1.829,1
103,46,1658.53,1.2,721.31,1,0.28,1,655,0.435,1
104,32,2812.5,0.4,2539.8,2,0.272,0,619,0.903,1
105,62,2505.29,3.1,3991.57,1,0.11,0,663,1.593,0
106,18,1000.0,3.3,176.74,3,0.137,0,720,0.177,0
107,42,3782.99,9.2,3419.26,1,0.41,1,717,0.904,0
108,24,3604.89,1.3,4819.73,1,0.279,1,753,1.337,0
109,26,1322.42,2.4,3293.57,4,0.463,1,717,2.489,0
110,41,2203.72,8.3,2614.35,0,0.068,1,669,1.186,0
111,18,2314.65,8.7,4722.22,2,0.318,0,615,2.039,0
112,61,2059.74,2.4,2224.87,2,0.143,1,618,1.08,0
113,25,1373.13,3.1,2733.87,1,0.425,0,579,1.99,0
114,41,1292.31,1.8,1923.65,4,0.187,1,650,1.487,1
115,28,1785.09,13.5,3956.63,2,0.028,0,705,2.215,0
116,68,3249.85,0.6,3338.76,4,0.314,1,591,1.027,0
117,34,2372.74,13.6,3584.64,0,0.328,1,647,1.51,0
118,25,1502.21,5.8,2366.05,1,0.654,1,595,1.574,1
119,52,2659.38,3.8,2774.95,3,0.301,0,666,1.043,1
120,52,1000.0,0.2,360.78,3,0.048,1,606,0.36,0
121,50,3211.14,3.2,751.08,1,0.475,0,590,0.234,0
122,22,1000.0,2.6,41.68,0,0.212,1,595,0.042,0
123,59,1508.36,0.9,3294.01,1,0.156,1,690,2.182,1
124,56,1032.94,5.3,610.66,2,0.375,0,642,0.591,1
125,58,1000.0,17.7,528.77,2,0.253,1,615,0.528,1
126,45,3230.57,4.1,5944.53,2,0.195,1,670,1.84,0
127,24,1431.03,6.3,1144.88,1,0.183,1,616,0.799,0
128,26,2150.06,0.4,2720.07,1,0.125,0,740,1.265,0
129,25,1766.12,2.7,717.53,3,0.529,1,572,0.406,1
130,29,2295.07,0.6,5506.72,3,0.178,1,635,2.398,0
131,51,1878.84,4.7,3999.97,2,0.463,1,537,2.128,1
132,50,1000.0,13.9,2159.47,3,0.501,1,622,2.157,1
133,65,2975.4,5.4,3025.79,2,0.333,1,515,1.017,1
134,40,1412.51,0.4,2692.1,2,0.152,1,709,1.905,0
135,41,1000.0,2.2,359.69,1,0.183,0,711,0.359,0
136,54,1459.64,4.0,31.45,0,0.439,1,712,0.022,0
137,52,3829.08,2.6,191.19,1,0.06,0,652,0.05,0
138,61,2765.87,9.0,4056.16,2,0.04,0,579,1.466,0
139,57,1518.8,8.4,1729.13,3,0.126,0,585,1.138,0
140,39,1518.34,4.7,1966.31,2,0.422,1,772,1.294,1
141,44,1539.45,2.3,28.72,1,0.639,1,764,0.019,0
142,52,5107.03,1.5,5396.69,1,0.328,0,659,1.057,0
143,18,2188.49,0.6,3928.71,0,0.534,1,608,1.794,0
144,52,2241.77,2.2,2481.04,0,0.316,1,759,1.106,0
145,54,3026.44,2.7,5540.04,3,0.475,0,594,1.83,0
146,64,2037.33,5.6,1186.84,1,0.214,1,668,0.582,0
147,31,1588.39,5.4,3228.98,2,0.359,1,758,2.032,0
148,20,1638.97,0.4,2411.06,2,0.4,1,583,1.47,1
149,18,1744.46,2.5,919.17,1,0.177,0,716,0.527,0
150,22,1774.7,1.0,1050.27,1,0.125,1,691,0.591,0
151,43,2601.43,0.9,4084.44,2,0.28,0,646,1.569,1
152,31,1855.62,8.8,3850.13,2,0.07,1,570,2.074,0
153,56,2607.95,0.2,2709.84,1,0.25,1,592,1.039,1
154,44,1736.53,2.7,1121.36,2,0.423,1,673,0.645,0
155,26,1880.55,0.9,4076.14,1,0.606,1,536,2.166,1
156,32,1000.0,10.6,1673.17,0,0.152,1,660,1.671,0
157,32,2858.82,4.1,3202.49,0,0.446,1,693,1.12,0
158,43,2150.05,1.3,2622.52,0,0.06,0,728,1.219,0
159,59,2977.99,3.5,1520.69,4,0.624,1,538,0.51,0
160,30,1000.0,6.6,1567.01,3,0.155,1,755,1.565,0
161,68,5136.81,15.9,4606.98,3,0.402,1,785,0.897,1
162,49,1686.15,1.2,4197.03,0,0.119,0,682,2.488,0
163,56,3146.64,10.9,3777.42,2,0.182,1,566,1.2,0
164,66,1074.97,13.6,1305.78,2,0.285,1,623,1.214,1
165,69,2456.24,12.4,3474.67,2,0.291,0,646,1.414,1
166,49,1067.73,5.0,2447.12,3,0.319,1,671,2.29,0
167,21,1323.61,5.0,2649.92,2,0.341,1,651,2.001,1
168,47,4707.99,2.6,5309.79,1,0.197,1,672,1.128,0
169,54,1643.62,7.0,2953.18,1,0.127,0,642,1.796,0
170,40,2015.69,3.8,2954.17,0,0.08,1,671,1.465,0
171,56,2793.45,5.7,3438.51,1,0.743,1,613,1.23,0
172,62,2316.57,2.8,1113.78,1,0.266,0,622,0.481,0
173,32,1949.27,6.6,2260.84,1,0.049,1,603,1.159,0
174,60,2170.0,8.7,1333.56,0,0.514,0,803,0.614,0
175,46,6013.17,0.8,13752.76,0,0.35,1,767,2.287,1
176,53,1756.7,8.9,1473.02,2,0.441,1,694,0.838,0
177,30,1999.29,3.9,4759.64,3,0.124,1,756,2.379,1
178,49,3057.42,9.3,4074.44,1,0.333,1,713,1.332,0
179,24,3142.47,2.8,4961.52,2,0.367,1,664,1.578,1
180,68,3273.17,2.4,4442.85,1,0.394,1,529,1.357,0
181,39,2488.33,12.3,804.85,2,0.797,1,629,0.323,1
182,45,1020.96,1.4,959.25,1,0.674,0,623,0.939,0
183,19,4091.7,9.3,1014.19,2,0.065,1,559,0.248,0
184,59,1019.26,3.3,1587.37,1,0.392,0,531,1.556,0
185,62,2103.42,3.6,2349.91,1,0.124,0,689,1.117,0
186,70,1239.99,1.8,2411.74,2,0.104,0,675,1.943,0
187,23,1750.98,4.3,965.1,2,0.1,0,556,0.551,0
188,45,2131.07,2.0,876.76,2,0.05,1,590,0.411,0
189,45,2123.2,0.2,2156.81,1,0.22,0,742,1.015,0
190,61,2232.69,1.6,5171.93,1,0.186,0,579,2.315,0
191,61,4051.55,0.0,7195.78,0,0.434,0,663,1.776,0
192,37,2268.26,19.2,2375.57,2,0.27,1,634,1.047,0
193,47,1600.26,16.9,2069.43,3,0.544,0,690,1.292,1
194,28,2927.91,2.5,616.42,1,0.386,0,581,0.21,0
195,45,3277.17,6.5,8066.55,1,0.113,0,657,2.461,0
196,42,1000.0,2.1,1666.02,0,0.47,1,663,1.664,0
197,56,2437.43,5.6,1739.13,0,0.289,1,668,0.713,0
198,50,2567.24,8.2,3759.78,0,0.277,0,656,1.464,0
199,18,1558.09,14.7,426.46,0,0.164,1,677,0.274,0
200,44,3596.99,2.6,8685.27,0,0.435,1,825,2.414,0
201,69,1677.35,7.6,732.94,2,0.098,0,854,0.437,0
202,30,1925.21,1.5,3118.98,2,0.07,1,598,1.619,0
203,58,1658.16,23.2,1017.51,2,0.036,1,464,0.613,1
204,20,1822.18,0.1,3268.82,1,0.13,1,697,1.793,0
205,56,1045.09,4.6,2029.63,1,0.194,1,664,1.94,0
206,23,1000.0,5.4,1683.55,1,0.2,1,734,1.682,0
207,25,4012.83,5.8,6164.71,1,0.328,1,672,1.536,0
208,44,1183.84,0.6,2641.35,0,0.686,1,654,2.229,0
209,26,1101.36,13.9,216.49,2,0.619,1,740,0.196,0
210,54,1000.0,1.0,827.29,1,0.404,0,751,0.826,0
211,50,1313.59,4.9,815.37,0,0.096,1,539,0.62,1
212,68,1000.0,1.3,2470.03,0,0.63,1,584,2.468,1
213,59,4109.3,1.8,4000.3,1,0.158,1,641,0.973,0
214,61,2995.63,4.0,5486.58,0,0.088,0,657,1.831,0
215,41,1281.68,2.7,2193.99,1,0.438,0,631,1.71,0
216,32,5575.95,0.9,2956.39,1,0.559,1,684,0.53,0
217,49,2953.9,0.9,1764.94,2,0.366,1,729,0.597,0
218,49,1536.99,2.7,1080.83,1,0.145,1,787,0.703,0
219,41,1000.0,7.1,1027.82,1,0.277,0,696,1.027,1
220,58,5684.35,11.4,3329.96,0,0.434,1,581,0.586,1
221,69,1000.0,0.4,49.13,2,0.179,1,638,0.049,0
222,66,1000.0,2.5,2198.48,1,0.109,0,643,2.196,0
223,66,3014.79,0.5,7277.78,2,0.381,0,691,2.413,1
224,69,6123.42,0.1,5228.95,2,0.154,1,681,0.854,0
225,29,3612.43,5.4,3057.08,0,0.486,0,814,0.846,0
226,56,2396.96,4.6,42.5,3,0.292,1,613,0.018,0
227,19,2434.21,0.9,4139.68,0,0.52,0,680,1.7,0
228,20,2770.29,1.3,5716.77,2,0.433,1,838,2.063,0
229,66,2642.46,0.1,968.52,1,0.317,1,603,0.366,0
230,54,2080.98,9.0,830.66,1,0.282,1,661,0.399,0
231,66,1904.74,18.4,3762.26,5,0.294,1,574,1.974,0
232,34,1752.33,0.7,2699.87,2,0.114,1,656,1.54,0
233,66,1240.19,1.3,139.09,2,0.517,1,587,0.112,1
234,19,1571.31,10.1,2445.53,1,0.316,1,733,1.555,0
235,19,1000.0,13.0,772.29,0,0.42,1,661,0.772,1
236,45,1721.29,2.7,1586.71,1,0.351,0,575,0.921,0
237,40,1102.91,0.3,2122.35,1,0.235,1,717,1.923,1
238,54,1041.28,0.2,2111.03,2,0.083,1,664,2.025,0
239,49,1978.21,4.3,1979.97,2,0.189,1,726,1.0,0
240,50,3626.42,2.5,8586.94,0,0.426,1,558,2.367,0
241,18,2861.66,0.1,2907.9,3,0.129,1,679,1.016,0
242,36,1000.0,4.4,1929.59,1,0.165,1,711,1.928,0
243,19,1102.33,0.1,1333.49,0,0.064,1,616,1.209,1
244,70,2893.97,7.7,6493.59,3,0.182,1,549,2.243,0
245,61,1106.28,1.8,2510.59,2,0.34,0,646,2.267,0
246,43,1615.96,0.2,353.15,0,0.109,1,748,0.218,0
247,49,2380.41,4.4,5573.08,0,0.047,1,740,2.34,0
248,23,1114.13,2.5,2299.38,3,0.141,1,615,2.062,0
249,49,1905.86,18.2,3770.32,0,0.219,0,547,1.977,1
250,21,1000.0,3.9,502.28,4,0.137,1,615,0.502,1
251,28,1338.52,1.6,2694.16,2,0.341,0,612,2.011,1
252,34,2121.53,6.2,4508.95,1,0.348,1,685,2.124,0
253,55,1000.0,1.6,722.88,0,0.056,1,641,0.722,0
254,41,2253.49,11.7,5364.78,0,0.016,0,589,2.38,0
255,22,1790.38,2.3,223.17,0,0.263,0,738,0.125,0
256,69,2383.31,4.0,893.2,1,0.557,1,661,0.375,0
257,51,2022.23,0.3,2717.78,2,0.077,1,684,1.343,0
258,23,3576.25,2.8,5147.95,0,0.229,1,512,1.439,0
259,39,1924.87,8.9,3104.57,2,0.253,0,456,1.612,0
260,28,1458.69,8.2,61.88,4,0.283,1,534,0.042,1
261,65,1922.05,1.3,4614.69,1,0.05,1,611,2.4,0
262,33,2372.38,1.3,264.45,1,0.18,1,696,0.111,0
263,50,1852.76,8.5,662.65,1,0.255,1,462,0.357,1
264,26,1845.11,13.3,64.65,4,0.369,1,777,0.035,0
265,23,1272.84,0.5,1803.8,3,0.418,1,663,1.416,0
266,33,1297.96,3.0,3025.11,2,0.181,1,758,2.329,1
267,46,1000.0,2.1,1664.87,3,0.391,1,579,1.663,1
268,20,4336.35,10.2,8918.33,4,0.205,1,690,2.056,0
269,37,1000.0,0.4,33.2,3,0.384,1,656,0.033,1
270,53,1278.63,1.2,1732.6,2,0.271,1,715,1.354,0
271,36,1262.43,7.0,1450.42,1,0.247,1,631,1.148,0
272,43,2828.39,0.3,3528.19,1,0.429,1,687,1.247,0
273,20,1560.13,3.4,281.66,0,0.337,1,738,0.18,0
274,36,3374.06,2.9,5773.31,1,0.547,0,597,1.711,0
275,37,1291.11,2.0,1624.28,1,0.152,1,669,1.257,0
276,49,2078.7,2.5,3976.28,2,0.181,1,498,1.912,0
277,24,1190.74,3.8,1444.63,2,0.138,1,706,1.212,0
278,69,5284.72,0.9,1973.6,0,0.078,1,806,0.373,0
279,58,1000.0,4.2,1620.64,1,0.268,1,550,1.619,0
280,50,2110.99,8.2,909.76,2,0.244,1,642,0.431,0
281,57,2482.17,7.1,5413.58,0,0.199,1,720,2.18,0
282,56,2223.64,0.8,3408.37,1,0.085,1,652,1.532,0
283,35,1648.06,0.8,647.7,1,0.403,1,663,0.393,0
284,57,1694.41,1.6,4076.49,0,0.229,0,618,2.404,0
285,18,1848.09,2.2,2394.96,2,0.492,0,615,1.295,0
286,28,1679.92,2.6,306.16,2,0.118,0,643,0.182,0
287,45,2927.6,5.7,4587.8,1,0.205,1,653,1.567,0
288,42,5460.31,0.3,3456.36,1,0.346,0,555,0.633,1
289,67,1368.2,0.2,2749.04,5,0.5,0,644,2.008,1
290,40,1000.0,2.5,2044.56,4,0.325,0,775,2.043,0
291,48,1729.97,6.0,4233.87,2,0.526,1,616,2.446,0
292,47,6567.28,1.1,8239.79,0,0.712,0,551,1.254,0
293,59,1209.74,5.1,1375.95,1,0.443,1,637,1.136,0
294,52,4103.35,1.5,7729.43,1,0.195,1,592,1.883,0
295,24,4183.28,10.9,1385.4,2,0.625,1,542,0.331,0
296,33,1370.88,11.3,1874.38,0,0.173,0,661,1.366,0
297,43,2403.04,1.8,3281.64,0,0.222,0,593,1.365,1
298,65,4081.41,1.3,912.94,3,0.496,1,600,0.224,1
299,69,1495.83,2.6,1563.08,1,0.286,1,662,1.044,0
300,66,1633.06,1.4,3483.66,1,0.285,1,527,2.132,0
301,19,1351.76,5.6,2893.28,0,0.084,1,510,2.139,1
302,18,1088.57,8.7,270.07,1,0.219,1,703,0.248,0
303,65,1306.83,5.6,296.39,2,0.347,1,495,0.227,0
304,29,1000.0,8.7,656.74,0,0.202,0,571,0.656,0
305,22,1839.12,2.5,4022.0,1,0.255,1,506,2.186,0
306,54,1230.3,0.8,396.47,2,0.5,1,611,0.322,1
307,49,2032.24,6.7,3658.01,1,0.441,0,684,1.799,0
308,26,1000.0,2.2,252.91,2,0.087,0,658,0.253,0
309,58,2133.33,5.6,3323.4,0,0.203,0,841,1.557,0
310,52,2742.88,1.6,2441.63,2,0.289,1,736,0.89,0
311,36,1000.0,0.4,1972.28,3,0.613,0,575,1.97,1
312,65,2179.89,24.5,1273.55,2,0.401,1,554,0.584,0
313,33,3340.36,0.8,5337.91,3,0.189,0,866,1.598,1
314,20,1000.0,22.3,589.21,3,0.189,0,735,0.589,0
315,37,4172.56,18.9,7444.48,3,0.031,0,697,1.784,0
316,41,2229.45,7.9,4869.55,2,0.845,1,655,2.183,1
317,50,1270.92,5.4,402.89,1,0.189,1,671,0.317,0
318,41,1758.32,4.3,3809.39,0,0.161,0,531,2.165,0
319,69,2390.27,10.1,3547.02,0,0.386,0,662,1.483,0
320,28,1878.08,1.7,596.81,1,0.359,1,655,0.318,0
321,66,2367.0,3.2,2529.98,0,0.048,0,577,1.068,0
322,25,1141.0,4.8,458.86,2,0.526,1,606,0.402,1
323,53,1967.82,2.6,3445.39,3,0.159,1,771,1.75,0
324,55,1000.0,2.8,1897.17,2,0.223,1,639,1.895,1
325,57,1710.24,2.0,452.34,2,0.646,1,815,0.264,0
326,37,1150.61,4.2,1455.92,1,0.054,1,510,1.264,0
327,52,1251.67,9.5,2549.11,0,0.294,0,608,2.035,0
328,65,3354.46,1.1,7850.81,1,0.268,1,526,2.34,0
329,42,3120.21,13.6,4005.71,2,0.083,1,553,1.283,0
330,52,2451.78,5.8,5824.69,3,0.158,0,583,2.375,0
331,42,1047.17,8.7,1402.39,1,0.249,0,675,1.338,0
332,46,1543.48,4.1,1521.06,1,0.234,1,671,0.985,0
333,35,3316.11,7.6,7031.85,1,0.22,1,595,2.12,0
334,63,1940.81,0.1,2391.96,1,0.104,1,471,1.232,1
335,35,5765.6,8.5,6802.0,2,0.496,0,768,1.18,0
336,19,2200.98,0.2,2697.92,0,0.54,1,627,1.225,0
337,52,1990.27,11.0,4213.32,3,0.115,1,560,2.116,0
338,33,1549.12,24.1,3221.94,2,0.171,0,671,2.079,0
339,58,1932.89,1.7,1949.9,2,0.19,1,666,1.008,1
340,53,1675.33,1.2,1395.97,1,0.324,1,624,0.833,1
341,50,2576.16,7.2,3168.21,2,0.274,0,661,1.229,0
342,21,2917.12,1.5,4177.11,3,0.509,1,557,1.431,0
343,50,1220.49,10.0,727.22,1,0.14,1,710,0.595,0
344,31,1000.0,0.5,1984.89,3,0.485,0,570,1.983,1
345,38,1000.0,0.7,1216.21,0,0.37,0,601,1.215,0
346,65,2330.87,19.4,1946.54,3,0.183,1,701,0.835,0
347,37,1041.4,5.6,278.11,3,0.476,1,746,0.267,0
348,25,1000.0,9.4,597.11,2,0.314,0,776,0.597,0
349,24,2195.77,2.0,5211.01,1,0.125,1,734,2.372,1
350,20,6288.64,5.6,4796.65,1,0.397,1,624,0.763,0
351,34,1802.56,4.5,760.95,2,0.232,1,526,0.422,0
352,50,2749.7,4.6,3166.77,1,0.646,1,762,1.151,0
353,65,1883.55,5.7,1446.04,3,0.147,0,759,0.767,0
354,29,1720.82,4.3,151.26,4,0.29,1,596,0.088,1
355,68,2862.75,2.8,2312.71,3,0.167,0,723,0.808,0
356,39,1563.78,1.6,2127.17,1,0.235,0,623,1.359,0
357,39,2066.67,7.3,2850.52,1,0.051,0,770,1.379,0
358,63,2123.56,1.3,1892.94,1,0.11,0,608,0.891,0
359,47,1294.6,5.9,1447.69,1,0.067,0,808,1.117,0
360,55,2969.12,1.3,7166.85,1,0.313,1,712,2.413,0
361,55,1656.6,4.9,1562.78,1,0.256,1,793,0.943,0
362,62,1239.08,6.9,799.91,1,0.307,0,612,0.645,0
363,68,2364.34,1.2,1439.1,1,0.296,1,682,0.608,0
364,25,1153.74,0.3,1320.36,4,0.382,1,572,1.143,0
365,44,1833.7,0.7,3481.83,0,0.069,1,717,1.898,0
366,44,1799.82,4.7,926.85,3,0.046,1,721,0.515,0
367,51,3111.77,9.5,5517.92,1,0.283,0,841,1.773,0
368,38,2292.39,0.2,121.21,2,0.131,0,688,0.053,0
369,47,1785.56,6.6,1870.07,2,0.173,1,707,1.047,0
370,50,2721.35,2.1,5278.5,1,0.4,0,612,1.939,0
371,45,3623.17,3.3,3068.22,1,0.228,1,693,0.847,0
372,64,2389.66,13.2,3367.85,3,0.391,0,619,1.409,0
373,50,1817.43,2.0,931.34,1,0.504,1,659,0.512,0
374,22,1000.0,3.1,1854.99,1,0.285,0,663,1.853,0
375,65,1061.51,0.1,138.74,1,0.574,1,621,0.131,1
376,36,1552.14,0.4,3308.16,0,0.162,1,655,2.13,0
377,21,1333.08,1.5,660.53,0,0.135,0,619,0.495,0
378,52,1646.68,0.1,3599.63,1,0.237,1,619,2.185,1
379,66,1859.99,5.0,1639.25,2,0.165,0,736,0.881,1
380,34,2356.3,2.8,4257.14,1,0.253,1,664,1.806,0
381,61,1745.42,4.0,1392.96,2,0.546,1,677,0.798,1
382,45,2305.96,1.0,5222.48,1,0.104,1,533,2.264,1
383,47,1867.28,1.8,591.17,0,0.257,1,683,0.316,0
384,46,1000.0,5.5,446.3,1,0.449,1,692,0.446,0
385,63,1130.41,16.8,1393.31,3,0.317,0,618,1.231,0
386,70,1682.37,0.3,344.63,2,0.188,1,816,0.205,0
387,23,1000.0,11.1,489.95,1,0.194,0,466,0.489,0
388,52,2440.52,4.3,5758.19,2,0.444,1,712,2.358,0
389,58,3886.93,4.1,9488.87,0,0.2,1,707,2.441,0
390,54,3325.52,3.5,3128.14,1,0.219,1,693,0.94,0
391,41,1625.03,0.4,3750.91,0,0.271,1,664,2.307,0
392,46,3809.92,0.5,5189.34,1,0.304,0,694,1.362,0
393,66,1947.56,4.6,1313.35,1,0.055,1,719,0.674,0
394,63,1527.61,2.1,2682.47,2,0.216,1,591,1.755,0
395,70,1330.48,12.5,2191.65,0,0.051,1,673,1.646,0
396,48,1554.28,2.6,3843.43,2,0.114,1,635,2.471,1
397,52,1489.08,0.8,986.69,0,0.211,1,562,0.662,0
398,50,1968.86,6.3,3307.97,2,0.331,1,707,1.679,0
399,69,1959.19,1.7,254.81,1,0.286,1,604,0.13,1
400,38,1810.8,3.7,514.48,1,0.056,0,530,0.284,0
401,49,2249.51,6.0,22.04,1,0.477,0,606,0.01,0
402,40,3279.1,11.5,8193.32,1,0.199,1,586,2.498,0
403,50,2906.71,7.9,5829.94,0,0.335,1,732,2.005,0
404,20,1000.0,5.6,1966.81,1,0.146,0,662,1.965,0
405,35,1000.0,5.7,1274.32,2,0.315,0,760,1.273,1
406,42,2884.65,14.6,2163.97,0,0.512,0,596,0.75,0
407,59,1000.0,1.8,378.16,1,0.278,0,719,0.378,1
408,48,1615.85,0.0,1149.98,1,0.158,1,877,0.711,1
409,20,1007.21,1.6,946.71,1,0.143,0,678,0.939,0
410,57,1000.0,1.2,1890.78,0,0.228,0,718,1.889,0
411,63,2370.2,5.4,3197.77,0,0.277,1,705,1.349,0
412,41,2642.76,5.0,511.93,0,0.086,1,536,0.194,0
413,67,1355.25,4.5,61.08,2,0.177,1,696,0.045,0
414,49,1000.0,0.1,255.83,0,0.528,1,674,0.256,0
415,64,1375.92,6.5,1412.03,3,0.195,1,629,1.026,1
416,39,2199.32,2.0,5130.97,3,0.031,1,579,2.332,0
417,40,1000.0,5.5,1593.51,1,0.139,1,705,1.592,0
418,19,1981.64,4.1,3972.33,1,0.246,1,572,2.004,0
419,44,1794.25,2.1,2091.99,2,0.178,1,820,1.165,1
420,59,2415.46,0.7,2183.98,2,0.399,0,659,0.904,0
421,19,1919.44,0.5,520.17,3,0.394,1,552,0.271,1
422,43,1111.5,8.9,2434.0,3,0.022,0,608,2.188,0
423,34,3288.83,12.5,6439.19,2,0.255,0,627,1.957,1
424,57,1670.26,5.2,702.0,3,0.115,0,842,0.42,1
425,50,1783.53,0.5,2284.08,0,0.104,0,579,1.28,0
426,26,1133.84,2.6,1381.51,1,0.594,1,640,1.217,0
427,60,1448.61,6.5,2263.78,0,0.156,1,606,1.562,0
428,65,1161.65,7.6,2747.85,1,0.114,1,689,2.363,0
429,56,1658.26,0.6,2403.54,1,0.322,0,608,1.449,0
430,46,4255.02,0.0,5746.59,2,0.481,1,558,1.35,0
431,59,1000.0,6.2,125.81,0,0.094,1,634,0.126,0
432,43,1000.0,2.2,157.27,2,0.123,0,626,0.157,0
433,52,3772.85,1.5,1767.08,1,0.294,0,602,0.468,0
434,67,1628.38,0.1,132.19,2,0.632,0,606,0.081,1
435,42,1293.96,3.9,2404.67,0,0.304,1,744,1.857,0
436,41,3041.03,9.5,5499.18,0,0.566,1,624,1.808,0
437,30,1335.68,15.8,454.32,0,0.642,1,559,0.34,1
438,24,4505.28,4.2,9416.92,1,0.328,1,613,2.09,0
439,53,2537.57,3.6,981.95,1,0.377,0,654,0.387,0
440,62,1416.64,0.4,1066.64,2,0.185,1,543,0.752,0
441,37,5316.94,4.0,3309.49,1,0.42,1,780,0.622,0
442,18,1335.61,2.4,1243.14,1,0.142,0,719,0.93,0
443,25,2620.31,4.7,1668.24,3,0.127,1,764,0.636,0
444,63,2099.9,2.5,2566.87,2,0.451,0,681,1.222,0
445,33,3466.4,1.4,3530.59,1,0.168,0,482,1.018,0
446,31,3947.18,0.5,9735.41,1,0.311,0,772,2.466,0
447,29,1837.21,1.9,256.87,2,0.391,1,580,0.14,0
448,68,1240.53,0.5,440.95,0,0.173,1,587,0.355,0
449,40,2275.57,1.0,300.52,2,0.099,0,662,0.132,0
450,32,1288.38,21.8,2015.81,1,0.036,0,760,1.563,0
451,45,4947.78,2.9,674.25,2,0.139,1,734,0.136,0
452,51,1935.78,3.8,4047.92,2,0.651,1,722,2.09,1
453,19,1506.19,10.3,1927.69,1,0.141,1,625,1.279,0
454,49,1982.95,27.1,2612.57,2,0.045,0,623,1.317,0
455,40,1000.0,4.4,1403.99,0,0.558,1,677,1.403,0
456,39,1112.31,8.4,474.99,2,0.116,1,639,0.427,0
457,68,3295.15,2.0,1628.55,0,0.387,1,721,0.494,0
458,42,1301.86,1.8,1037.64,1,0.05,1,716,0.796,0
459,39,1071.21,2.6,1589.4,2,0.342,0,697,1.482,0
460,39,2364.51,5.6,1242.06,4,0.528,1,447,0.525,0
461,66,3271.0,5.7,951.3,1,0.121,1,660,0.291,0
462,69,2590.16,1.9,6281.91,0,0.102,1,641,2.424,0
463,59,2975.07,0.7,163.49,0,0.315,1,663,0.055,0
464,23,1238.43,5.0,2485.22,2,0.21,1,589,2.005,0
465,32,1000.0,0.7,1970.09,3,0.391,1,544,1.968,1
466,60,3830.18,4.3,2845.96,1,0.495,1,687,0.743,0
467,54,1538.65,5.9,521.7,0,0.278,0,621,0.339,0
468,50,1594.93,6.0,580.67,1,0.525,1,695,0.364,1
469,25,3512.55,7.0,6124.41,0,0.443,0,596,1.743,0
470,70,2387.77,10.3,3837.19,2,0.105,1,763,1.606,0
471,61,2270.93,3.5,4443.9,1,0.242,1,730,1.956,0
472,61,5337.44,6.6,12509.37,1,0.097,1,673,2.343,0
473,22,1310.6,4.8,2267.1,2,0.384,1,632,1.728,0
474,56,2875.32,1.0,1120.31,1,0.338,1,718,0.389,0
475,21,1860.33,0.1,1132.21,3,0.242,1,681,0.608,0
476,23,2067.92,1.7,4353.96,2,0.182,1,669,2.104,0
477,62,3882.5,2.9,2031.58,1,0.171,1,733,0.523,0
478,49,2330.69,4.8,422.57,3,0.153,1,764,0.181,0
479,69,2366.45,9.5,4160.7,0,0.284,1,549,1.757,0
480,47,3091.01,1.1,3110.53,2,0.115,1,565,1.006,0
481,64,1506.47,0.7,3465.03,2,0.199,0,587,2.299,0
482,52,1188.44,16.5,1931.97,0,0.126,1,529,1.624,0
483,57,1072.34,0.6,242.4,0,0.643,0,644,0.226,0
484,69,1000.0,3.3,2369.64,2,0.14,1,698,2.367,0
485,33,5054.85,4.4,3267.42,3,0.238,0,648,0.646,1
486,30,1041.48,3.9,878.0,2,0.166,1,607,0.842,1
487,67,1618.69,0.4,1627.84,2,0.38,0,740,1.005,1
488,59,1574.34,0.3,201.61,0,0.321,1,661,0.128,1
489,47,2108.44,0.6,2617.18,1,0.61,1,677,1.241,0
490,36,2718.59,4.4,838.13,1,0.308,1,742,0.308,0
491,34,2780.08,3.9,2786.83,0,0.255,1,640,1.002,0
492,36,1350.81,1.3,1184.36,1,0.149,0,814,0.876,0
493,45,1663.1,5.1,3213.28,0,0.681,1,614,1.931,0
494,43,2082.43,8.6,4181.36,2,0.273,1,809,2.007,0
495,54,1596.64,0.2,612.36,2,0.132,1,572,0.383,1
496,43,4038.68,3.4,3700.96,2,0.629,1,691,0.916,0
497,70,2311.12,5.8,2157.16,0,0.459,1,598,0.933,0
498,40,2610.87,1.5,988.28,2,0.339,1,739,0.378,0
499,26,2518.56,1.8,5027.37,1,0.085,1,611,1.995,0
500,29,3251.06,4.8,5748.11,0,0.098,1,673,1.768,0
501,70,1979.32,11.4,942.07,1,0.343,1,597,0.476,0
502,18,1000.0,8.3,916.8,0,0.389,1,724,0.916,0
503,18,2208.0,4.4,584.04,4,0.311,1,597,0.264,0
504,64,1305.47,6.6,2050.27,3,0.553,1,784,1.569,0
505,51,1388.1,2.3,421.19,5,0.274,1,570,0.303,1
506,49,2424.02,5.1,5974.81,0,0.159,0,542,2.464,0
507,65,3358.14,3.1,6554.09,2,0.671,0,726,1.951,1
508,42,1827.37,1.1,1782.78,2,0.16,0,602,0.975,0
509,57,2109.94,6.0,3051.84,0,0.333,1,649,1.446,0
510,62,4234.87,4.1,9648.53,2,0.362,0,624,2.278,0
511,70,2039.33,2.2,2824.98,2,0.291,1,544,1.385,0
512,18,6639.83,12.1,2896.6,0,0.329,1,643,0.436,0
513,33,2398.87,0.1,2271.15,2,0.263,1,751,0.946,0
514,56,1000.0,1.9,2107.86,0,0.119,0,730,2.106,0
515,22,2635.09,0.3,4243.89,3,0.158,0,668,1.61,0
516,39,2187.64,7.3,3558.88,2,0.143,1,738,1.626,0
517,46,3445.68,6.1,7466.97,1,0.174,1,565,2.166,0
518,20,2531.56,2.0,5657.86,3,0.163,1,623,2.234,0
519,29,1687.11,5.6,3879.48,2,0.793,0,681,2.298,1
520,43,1000.0,2.5,237.12,1,0.253,0,639,0.237,0
521,33,1628.62,7.1,2215.44,1,0.134,1,630,1.359,0
522,68,1181.74,3.0,2187.72,1,0.167,1,553,1.85,0
523,54,1352.54,2.7,2559.43,1,0.051,1,483,1.891,0
524,39,2426.7,13.6,3680.8,3,0.256,0,715,1.516,0
525,46,4167.0,1.4,1737.51,2,0.281,0,669,0.417,0
526,31,2202.47,0.6,4390.74,2,0.695,1,722,1.993,0
527,45,1000.0,4.4,1800.28,2,0.232,1,615,1.798,0
528,22,2258.15,17.4,486.27,0,0.346,0,592,0.215,0
529,64,3288.92,2.4,3813.59,1,0.181,1,650,1.159,0
530,66,1332.9,0.3,579.73,0,0.387,0,718,0.435,0
531,47,1690.86,2.1,1426.56,2,0.441,1,631,0.843,0
532,63,1821.37,3.5,82.33,2,0.06,0,714,0.045,0
533,69,1221.15,0.9,1222.16,3,0.008,0,569,1.0,0
534,22,2500.24,5.4,3437.05,0,0.478,1,637,1.374,0
535,29,1701.94,30.5,2636.24,3,0.357,0,644,1.548,0
536,33,2230.02,3.0,3698.99,1,0.083,1,748,1.658,0
537,43,1160.09,2.2,2425.44,0,0.413,0,666,2.089,1
538,43,1452.83,2.6,782.58,1,0.079,0,789,0.538,0
539,65,2594.61,0.6,781.51,1,0.317,1,542,0.301,0
540,38,1500.54,10.7,3194.42,0,0.211,1,660,2.127,0
541,56,4287.6,2.7,1678.73,1,0.498,1,664,0.391,0
542,53,1480.57,2.4,3608.0,4,0.414,0,699,2.435,1
543,50,2023.01,5.4,4261.16,1,0.164,0,584,2.105,1
544,47,2882.16,2.9,3609.02,1,0.424,1,784,1.252,0
545,54,1000.0,5.2,2453.55,2,0.421,0,651,2.451,0
546,40,1000.0,0.3,243.44,1,0.45,1,563,0.243,0
547,27,1000.0,8.4,757.66,0,0.476,1,648,0.757,0
548,22,3399.19,14.1,5423.61,1,0.352,1,624,1.595,0
549,53,1372.06,5.2,1200.58,0,0.04,1,872,0.874,0
550,51,6497.02,15.5,15079.15,1,0.568,1,733,2.321,0
551,69,1363.59,0.8,223.72,1,0.326,1,653,0.164,0
552,48,1982.82,3.2,2723.46,2,0.233,1,641,1.373,0
553,27,3909.07,4.6,5774.35,1,0.169,0,726,1.477,0
554,36,4929.76,4.4,8044.49,1,0.558,1,729,1.631,1
555,49,5068.25,2.6,3239.45,2,0.342,1,417,0.639,0
556,18,3308.28,2.1,3015.22,2,0.79,1,701,0.911,1
557,22,3017.04,0.7,6363.54,2,0.116,0,652,2.109,0
558,62,2431.5,2.5,1185.01,2,0.019,0,545,0.487,0
559,21,2668.26,0.9,5515.74,0,0.303,0,720,2.066,0
560,33,1372.52,6.6,1930.65,2,0.373,0,829,1.406,0
561,41,1200.99,1.2,2288.45,1,0.477,1,694,1.904,0
562,33,1804.99,0.3,3220.14,2,0.231,1,738,1.783,1
563,19,1660.56,4.0,861.46,3,0.228,0,794,0.518,0
564,66,1441.42,4.5,2049.75,1,0.269,0,583,1.421,0
565,45,2561.1,10.3,5555.82,2,0.168,1,501,2.168,0
566,49,2915.08,4.3,3149.13,0,0.394,0,702,1.08,0
567,44,1889.76,2.1,4566.55,0,0.24,0,630,2.415,0
568,37,3784.86,8.1,4278.93,4,0.568,0,540,1.13,0
569,41,1021.63,3.9,364.69,1,0.118,0,643,0.357,1
570,29,1641.18,0.4,1597.83,1,0.188,1,708,0.973,0
571,67,1263.43,4.2,3006.03,0,0.242,1,638,2.377,0
572,52,1000.0,11.9,799.3,3,0.198,1,587,0.799,0
573,50,1734.82,2.5,3764.99,2,0.399,1,632,2.169,0
574,50,1701.26,1.8,3748.1,2,0.223,0,648,2.202,1
575,68,3853.45,0.8,3373.57,1,0.16,1,495,0.875,0
576,60,2478.49,0.8,515.88,2,0.324,1,638,0.208,0
577,54,1083.45,2.8,1962.56,0,0.309,1,542,1.81,1
578,29,4568.98,4.5,3558.24,2,0.366,0,702,0.779,0
579,20,3329.3,0.4,6516.47,2,0.432,1,525,1.957,1
580,18,2418.85,14.0,2676.79,2,0.65,1,731,1.106,0
581,50,1614.46,7.0,1958.61,2,0.084,1,617,1.212,0
582,57,1119.1,4.4,2176.4,2,0.398,1,606,1.943,0
583,27,1501.01,8.8,1434.83,2,0.092,0,673,0.955,1
584,60,3116.21,0.4,3452.2,0,0.097,0,580,1.107,0
585,61,4639.18,3.2,4363.04,1,0.138,1,672,0.94,1
586,46,3911.29,5.0,3591.94,1,0.027,0,591,0.918,0
587,30,1415.98,8.8,1861.82,3,0.205,1,605,1.314,0
588,29,1032.97,7.7,2088.66,1,0.358,0,682,2.02,0
589,48,1940.0,1.6,1754.58,5,0.092,1,558,0.904,0
590,63,1000.0,14.1,1310.64,3,0.51,0,548,1.309,0
591,19,2125.12,0.7,3563.44,3,0.122,1,669,1.676,1
592,68,1679.41,10.4,1131.25,2,0.023,1,647,0.673,0
593,67,1432.22,17.7,993.69,1,0.085,1,663,0.693,0
594,52,1000.0,1.0,2333.53,3,0.092,1,676,2.331,1
595,40,2337.41,6.4,4228.0,2,0.457,0,654,1.808,0
596,34,1385.27,0.2,1998.9,0,0.39,1,698,1.442,1
597,43,1007.31,2.6,1631.14,3,0.233,1,657,1.618,0
598,25,1000.0,3.6,73.25,1,0.33,0,489,0.073,1
599,46,1783.34,4.3,2755.72,1,0.471,1,510,1.544,0
600,43,4385.79,13.7,5586.5,2,0.314,0,804,1.273,0
601,27,4149.03,5.6,5660.83,1,0.286,1,650,1.364,0
602,43,1438.64,3.3,1292.7,0,0.46,1,726,0.898,1
603,51,1337.95,8.3,272.52,3,0.133,0,622,0.204,1
604,68,2285.61,15.0,1104.74,3,0.073,1,645,0.483,0
605,58,1097.52,0.1,2608.65,3,0.277,1,613,2.375,1
606,24,2102.53,20.2,2148.26,1,0.253,0,847,1.021,0
607,21,2651.92,0.5,3094.02,2,0.123,1,670,1.166,0
608,70,3339.13,8.4,440.01,0,0.423,0,607,0.132,0
609,67,1719.73,1.6,161.51,1,0.191,0,517,0.094,0
610,62,1632.98,0.7,2927.86,1,0.168,1,807,1.792,0
611,28,1165.62,2.9,1568.04,1,0.339,0,636,1.344,0
612,46,1195.79,5.2,1520.76,1,0.183,1,709,1.271,0
613,53,1614.47,2.4,981.29,0,0.037,1,718,0.607,0
614,42,2172.61,0.3,4045.13,4,0.31,0,612,1.861,0
615,38,2854.9,4.6,1200.75,3,0.162,0,703,0.42,0
616,53,1210.04,11.6,574.57,3,0.285,0,601,0.474,1
617,27,3813.66,2.4,4392.5,5,0.202,0,570,1.151,0
618,54,1578.83,1.2,1129.97,3,0.232,1,743,0.715,0
619,26,1788.83,2.9,1106.67,3,0.169,1,637,0.618,0
620,41,1244.38,0.2,2007.3,2,0.396,1,691,1.612,1
621,52,1000.0,8.6,1627.43,1,0.045,1,682,1.626,0
622,66,2813.04,8.8,5798.51,1,0.115,1,701,2.061,0
623,52,2613.44,4.4,2729.14,2,0.179,0,525,1.044,0
624,65,1570.79,2.2,287.0,0,0.294,1,603,0.183,0
625,53,1869.63,8.0,1279.14,2,0.135,0,624,0.684,1
626,35,2340.15,4.0,5733.4,4,0.274,0,583,2.449,1
627,66,1000.0,8.7,1490.65,2,0.239,1,684,1.489,0
628,56,1387.8,5.0,2462.43,3,0.437,1,744,1.773,0
629,49,2689.56,7.7,49.47,0,0.39,1,757,0.018,0
630,41,1000.0,4.6,1295.51,0,0.438,1,622,1.294,0
631,40,2093.89,2.7,196.45,2,0.105,0,673,0.094,0
632,49,1000.0,15.8,1423.08,3,0.124,1,685,1.422,0
633,54,2282.93,3.9,5255.14,2,0.333,0,699,2.301,0
634,29,1776.11,4.6,4300.04,0,0.076,0,579,2.42,0
635,66,1000.0,1.2,1351.38,1,0.13,1,795,1.35,0
636,30,3236.89,4.9,3707.9,1,0.182,0,724,1.145,0
637,40,1252.26,4.2,2958.51,2,0.161,1,726,2.361,0
638,42,1205.77,1.0,2030.55,1,0.466,1,746,1.683,0
639,52,1998.76,0.3,324.3,1,0.313,1,692,0.162,0
640,58,3210.94,4.6,3738.54,2,0.118,1,567,1.164,0
641,47,1087.99,7.2,653.46,2,0.603,1,638,0.6,0
642,34,1864.67,3.7,2190.08,1,0.313,0,517,1.174,0
643,66,2240.4,1.3,2551.06,0,0.1,1,683,1.138,0
644,37,2556.9,5.5,3721.22,1,0.127,1,636,1.455,0
645,65,1974.8,0.4,1761.37,2,0.476,1,646,0.891,1
646,42,1504.91,2.9,618.03,2,0.306,1,746,0.41,0
647,39,1195.36,0.9,1505.32,1,0.256,1,613,1.258,1
648,30,1887.62,1.0,3917.77,0,0.171,1,629,2.074,0
649,36,1057.78,1.1,1755.95,3,0.434,1,651,1.658,0
650,66,1000.0,2.4,845.92,4,0.045,1,502,0.845,1
651,53,2249.09,0.3,5260.18,0,0.097,1,628,2.338,0
652,29,2841.16,2.5,6479.32,2,0.146,0,451,2.28,0
653,58,1000.0,3.6,523.37,6,0.103,1,603,0.523,0
654,36,1091.31,3.3,107.54,1,0.324,0,718,0.098,0
655,29,2464.09,2.4,4566.63,3,0.46,1,685,1.853,0
656,26,5058.11,9.1,10465.35,1,0.603,1,602,2.069,0
657,24,1826.94,0.8,4420.57,0,0.099,1,653,2.418,1
658,45,1256.39,3.5,2794.96,1,0.309,1,564,2.223,1
659,31,1650.04,0.3,2477.26,2,0.249,1,649,1.5,0
660,48,3595.5,0.4,4764.51,1,0.309,0,884,1.325,0
661,69,1309.0,4.3,91.11,2,0.406,1,797,0.07,0
662,36,1212.46,4.2,747.65,1,0.208,0,654,0.616,0
663,64,1420.31,10.5,1631.98,3,0.566,1,662,1.148,1
664,33,1122.52,4.1,1763.78,2,0.471,1,571,1.57,0
665,70,1922.41,16.1,2678.17,2,0.284,1,585,1.392,0
666,22,4073.83,0.2,7563.43,3,0.34,1,678,1.856,1
667,52,2125.03,0.5,1486.28,0,0.082,0,608,0.699,0
668,29,1593.72,0.2,2250.93,2,0.082,0,722,1.411,0
669,42,1562.58,1.0,344.32,2,0.092,0,775,0.22,1
670,69,1000.0,3.9,1034.16,2,0.294,1,676,1.033,1
671,38,2811.73,5.2,5273.12,5,0.376,1,658,1.875,0
672,53,1739.03,0.2,3014.61,2,0.067,0,515,1.733,0
673,70,1652.03,14.6,4091.43,0,0.225,1,709,2.475,0
674,40,8924.48,9.2,6200.09,2,0.086,0,558,0.695,0
675,33,2099.34,1.8,2614.67,4,0.274,1,616,1.245,1
676,56,1241.54,0.4,1022.81,0,0.209,0,726,0.823,0
677,62,1460.92,0.9,1609.21,1,0.318,0,732,1.101,0
678,70,3210.63,0.7,6878.38,3,0.335,0,612,2.142,0
679,59,1913.4,0.7,3272.91,1,0.372,1,617,1.71,0
680,56,1000.0,3.7,2206.1,0,0.199,1,594,2.204,1
681,31,2862.97,1.4,1456.61,1,0.431,1,554,0.509,0
682,48,1294.56,2.2,2826.55,1,0.106,0,599,2.182,0
683,22,4613.07,22.8,689.22,2,0.213,0,520,0.149,0
684,52,3102.69,5.8,6892.62,0,0.204,1,704,2.221,0
685,40,1445.69,14.9,1189.34,1,0.249,1,681,0.822,0
686,46,3430.66,0.8,2698.11,1,0.162,1,694,0.786,0
687,60,1870.44,2.4,2394.57,2,0.784,0,573,1.28,0
688,28,2769.4,4.0,6512.87,4,0.216,1,554,2.351,1
689,35,2303.92,0.4,275.21,2,0.081,1,654,0.119,1
690,64,1184.2,0.0,1042.78,0,0.154,1,655,0.88,0
691,29,1310.58,5.5,2806.52,2,0.148,1,638,2.14,1
692,26,3025.95,5.1,2996.1,1,0.242,0,626,0.99,0
693,27,1529.37,2.6,761.46,1,0.205,1,786,0.498,0
694,61,1477.6,3.4,1569.19,0,0.153,1,684,1.061,1
695,34,1121.52,2.7,1081.01,1,0.565,1,807,0.963,1
696,55,2234.56,0.1,5113.88,1,0.157,1,751,2.288,0
697,24,5070.84,2.0,9659.13,1,0.326,1,786,1.904,0
698,63,1060.22,1.0,1338.84,2,0.296,1,564,1.262,0
699,30,1830.07,0.5,4521.97,1,0.32,1,697,2.47,0
700,57,3663.27,15.7,4261.09,1,0.222,1,615,1.163,0
701,59,1737.46,4.6,252.96,3,0.23,0,516,0.146,0
702,26,2266.94,6.5,1486.4,2,0.469,0,769,0.655,0
703,67,1062.95,1.9,1158.8,1,0.179,0,626,1.089,0
704,44,2239.83,2.5,878.59,4,0.285,0,565,0.392,0
705,19,1646.53,1.4,3900.5,1,0.286,1,616,2.367,1
706,22,2959.76,0.5,5674.23,1,0.348,1,586,1.916,0
707,46,3273.76,1.0,2195.77,1,0.548,0,594,0.671,0
708,54,6599.72,8.0,9747.85,0,0.119,1,632,1.477,0
709,55,2415.87,5.7,4357.33,1,0.317,1,788,1.803,0
710,36,2127.92,4.0,5007.41,0,0.286,1,596,2.352,0
711,25,1992.59,3.2,4391.85,1,0.54,1,782,2.203,0
712,65,1515.37,12.8,1951.77,1,0.338,1,717,1.287,1
713,62,2141.46,0.4,4147.21,3,0.278,1,681,1.936,0
714,18,1559.78,1.6,2192.05,2,0.414,1,709,1.404,0
715,39,1966.93,2.2,2717.83,0,0.204,0,651,1.381,0
716,69,3493.99,7.6,1002.27,1,0.305,1,752,0.287,0
717,34,1093.05,24.5,344.69,2,0.22,0,695,0.315,0
718,24,3196.91,1.4,4232.18,2,0.495,1,516,1.323,0
719,42,3493.14,10.4,2347.93,6,0.105,1,673,0.672,0
720,62,1704.4,8.9,89.64,1,0.361,1,712,0.053,0
721,21,1000.0,1.3,1807.1,2,0.506,1,626,1.805,0
722,53,1334.2,2.5,108.36,4,0.258,1,660,0.081,1
723,23,3458.18,2.6,5146.43,0,0.382,1,600,1.488,1
724,48,1787.49,19.1,2409.5,0,0.048,0,539,1.347,0
725,36,1097.02,1.0,2657.01,1,0.415,0,525,2.42,1
726,61,1404.75,8.0,1700.49,3,0.459,1,527,1.21,0
727,56,2752.62,2.0,437.68,0,0.246,1,703,0.159,0
728,44,2376.46,6.6,3277.66,0,0.262,1,450,1.379,0
729,27,1604.45,2.7,3373.73,1,0.288,1,596,2.101,0
730,43,1505.06,4.3,3750.79,0,0.15,1,588,2.49,0
731,36,1486.41,8.9,1599.17,1,0.143,0,627,1.075,0
732,56,1140.01,8.2,912.86,2,0.452,1,501,0.8,1
733,20,4054.93,10.1,9191.03,2,0.21,0,682,2.266,0
734,62,1538.93,0.3,735.77,2,0.28,1,548,0.478,1
735,30,3322.85,5.9,5112.45,2,0.02,0,740,1.538,1
736,67,3868.64,0.8,3923.91,0,0.202,1,600,1.014,0
737,45,2978.44,2.7,305.9,1,0.043,0,642,0.103,0
738,37,1457.08,4.0,1265.07,0,0.2,0,650,0.868,0
739,45,2212.47,2.6,1467.03,2,0.203,1,669,0.663,0
740,25,1786.3,3.7,3063.91,2,0.284,1,652,1.714,0
741,58,1150.73,28.3,2729.5,2,0.163,0,615,2.37,1
742,56,2126.39,0.7,1424.93,1,0.556,0,677,0.67,1
743,18,1002.73,5.6,2034.2,3,0.147,1,687,2.027,1
744,20,3274.24,2.5,453.15,2,0.13,1,588,0.138,0
745,30,1433.24,0.7,1928.14,2,0.466,1,684,1.344,0
746,45,1999.35,0.9,352.64,3,0.284,1,745,0.176,0
747,66,2083.17,14.9,4864.36,2,0.743,1,706,2.334,0
748,42,1588.5,10.6,3043.38,0,0.171,1,724,1.915,0
749,50,2424.42,11.9,3987.86,1,0.156,1,663,1.644,0
750,55,1425.89,23.9,2936.95,1,0.048,0,575,2.058,1
751,70,2795.17,1.2,4524.82,1,0.224,0,585,1.618,0
752,23,1000.0,2.2,2422.36,0,0.273,1,675,2.42,0
753,61,1925.98,5.5,3437.67,0,0.058,0,725,1.784,1
754,62,4766.96,3.3,11019.53,0,0.31,1,872,2.311,0
755,49,1096.45,2.7,1417.53,2,0.182,1,728,1.292,0
756,62,1288.36,2.2,377.05,5,0.212,0,556,0.292,0
757,64,2337.77,4.5,3086.9,2,0.247,1,588,1.32,1
758,38,1977.9,4.3,627.35,1,0.277,1,832,0.317,0
759,33,2154.5,0.9,3191.32,2,0.114,1,632,1.481,0
760,38,2309.05,3.2,2785.26,1,0.193,1,653,1.206,0
761,28,2483.34,4.0,3865.17,3,0.282,0,573,1.556,0
762,54,3149.03,4.2,79.1,0,0.378,0,775,0.025,0
763,53,2219.22,1.2,1080.98,0,0.299,0,690,0.487,0
764,52,1602.58,6.8,1968.49,0,0.228,0,588,1.228,1
765,36,2530.79,0.1,6013.81,1,0.132,0,570,2.375,0
766,37,4674.8,2.2,4483.24,2,0.584,0,674,0.959,1
767,35,1692.03,7.6,1795.12,0,0.671,1,653,1.06,0
768,64,1110.69,4.1,1984.51,1,0.119,0,716,1.785,0
769,58,3144.91,1.5,4747.18,0,0.25,1,693,1.509,1
770,66,1702.43,5.9,1272.25,0,0.669,0,628,0.747,0
771,31,1000.0,4.2,1027.04,2,0.189,1,606,1.026,0
772,32,2762.0,8.0,1503.22,1,0.353,0,637,0.544,0
773,48,1383.45,6.6,3341.11,2,0.336,0,605,2.413,1
774,18,1728.02,4.7,564.35,2,0.319,0,639,0.326,0
775,70,2134.51,3.3,1984.22,1,0.571,0,651,0.929,0
776,20,1988.73,0.7,128.47,1,0.276,1,578,0.065,0
777,33,2577.89,1.5,1429.31,1,0.234,1,700,0.554,0
778,40,1454.27,2.7,2837.53,1,0.293,1,620,1.95,0
779,28,2336.84,4.6,1175.28,0,0.234,1,582,0.503,0
780,29,1587.99,3.6,317.85,3,0.401,1,621,0.2,0
781,27,2616.01,1.7,3102.93,0,0.097,1,669,1.186,0
782,49,2459.43,0.0,61.3,2,0.171,1,656,0.025,0
783,33,1132.61,3.4,240.02,1,0.252,0,683,0.212,1
784,25,3111.91,1.7,6283.14,5,0.361,0,721,2.018,0
785,55,1383.01,6.6,2667.39,1,0.188,1,754,1.927,0
786,29,2708.17,0.1,6195.88,2,0.382,1,672,2.287,0
787,41,2172.52,4.4,4641.13,1,0.217,1,564,2.135,0
788,45,4532.79,14.2,7741.72,1,0.693,1,628,1.708,0
789,70,1616.9,1.0,211.54,1,0.315,1,569,0.131,0
790,25,1518.29,3.2,2971.48,1,0.592,1,785,1.956,1
791,45,1790.57,0.5,3784.87,1,0.349,1,808,2.113,0
792,53,1553.72,4.9,3103.88,0,0.114,1,702,1.996,0
793,43,2697.2,4.0,3428.68,1,0.106,1,718,1.271,0
794,25,1000.0,2.6,582.25,1,0.241,1,670,0.582,0
795,67,1067.59,3.7,2256.16,2,0.445,0,679,2.111,0
796,45,1060.08,11.3,1927.12,0,0.179,0,522,1.816,1
797,45,2907.81,1.1,7129.66,2,0.065,1,644,2.451,0
798,54,4252.69,0.1,1655.28,2,0.605,1,579,0.389,0
799,58,1716.04,9.9,968.12,1,0.098,1,672,0.564,0
800,53,1661.69,4.3,879.86,1,0.259,1,645,0.529,0
801,44,1872.49,11.1,3710.06,3,0.246,1,805,1.98,0
802,34,3232.27,4.5,1510.34,3,0.049,1,723,0.467,0
803,26,1137.2,8.3,189.51,1,0.365,1,672,0.167,0
804,50,2036.9,2.8,5084.92,2,0.161,1,628,2.495,0
805,70,2944.22,6.9,182.67,0,0.099,0,784,0.062,0
806,37,2322.84,12.2,4850.35,3,0.678,1,647,2.087,1
807,30,1987.81,4.2,1815.7,1,0.474,1,676,0.913,0
808,45,2982.52,1.0,6275.33,2,0.246,1,653,2.103,0
809,65,1000.0,1.6,1386.55,0,0.623,1,617,1.385,0
810,46,2537.51,1.1,5719.74,1,0.091,0,652,2.253,0
811,30,1303.7,1.4,3018.7,1,0.214,1,493,2.314,0
812,63,1000.0,1.8,22.75,2,0.297,1,526,0.023,0
813,52,2334.61,4.0,440.15,1,0.426,1,677,0.188,1
814,23,3593.31,4.4,2249.04,1,0.318,1,775,0.626,0
815,35,1687.96,2.8,2824.44,3,0.208,1,677,1.672,0
816,68,2911.54,4.8,6465.6,2,0.067,1,592,2.22,0
817,22,4048.65,0.4,4655.36,1,0.268,0,534,1.15,0
818,64,3489.3,0.5,5294.78,3,0.138,1,712,1.517,1
819,42,4105.09,0.9,1934.52,2,0.097,1,604,0.471,0
820,19,2620.35,3.6,5273.24,0,0.299,1,701,2.012,1
821,27,1877.54,1.2,4540.49,0,0.261,0,681,2.417,0
822,47,1000.0,1.7,671.5,1,0.175,0,688,0.671,0
823,67,1598.74,2.6,1977.74,1,0.56,0,652,1.236,1
824,62,1186.04,8.4,255.34,1,0.316,0,680,0.215,0
825,22,5353.32,0.1,7483.09,1,0.085,0,640,1.398,0
826,50,1655.83,5.2,2081.31,1,0.212,1,599,1.256,1
827,18,1922.92,5.5,694.35,1,0.59,0,572,0.361,0
828,35,2382.11,8.0,2632.63,3,0.443,0,459,1.105,1
829,49,1847.89,13.5,1543.47,1,0.729,1,635,0.835,0
830,64,4219.73,0.1,5504.96,2,0.305,1,771,1.304,0
831,66,1324.35,0.8,1939.02,0,0.324,0,708,1.463,0
832,28,1992.82,10.9,42.33,0,0.2,0,668,0.021,1
833,38,1247.34,3.1,2373.07,0,0.382,0,591,1.901,0
834,43,1000.0,4.2,1782.54,3,0.138,0,729,1.781,0
835,42,1331.57,5.4,1219.34,2,0.062,0,640,0.915,0
836,39,1774.87,5.7,234.89,1,0.385,1,775,0.132,0
837,44,1458.77,13.4,2753.18,0,0.53,1,571,1.886,0
838,66,1278.94,29.0,3054.04,0,0.129,1,590,2.386,0
839,30,1000.0,6.4,600.38,2,0.169,1,582,0.6,1
840,50,1734.45,1.7,1402.85,2,0.315,1,531,0.808,0
841,51,1000.0,10.6,459.53,0,0.609,1,575,0.459,0
842,58,2643.95,0.3,3813.47,2,0.036,1,658,1.442,0
843,52,1884.13,1.3,729.35,2,0.088,0,593,0.387,0
844,18,1000.0,11.4,890.48,1,0.363,1,341,0.89,1
845,38,1549.05,1.5,2699.27,1,0.326,0,735,1.741,0
846,65,1241.31,1.2,1738.19,2,0.027,0,515,1.399,0
847,23,2120.88,0.7,2049.1,3,0.337,1,697,0.966,0
848,45,3534.14,9.8,3713.05,3,0.224,1,652,1.05,0
849,34,1000.0,3.5,1405.28,2,0.139,0,819,1.404,1
850,22,1915.08,5.6,28.08,2,0.088,0,729,0.015,0
851,48,1668.92,1.4,327.57,2,0.197,1,609,0.196,0
852,22,2529.23,7.1,5572.26,2,0.312,1,593,2.202,0
853,55,2011.42,7.1,391.62,4,0.288,1,770,0.195,0
854,20,1241.43,1.9,2193.61,0,0.439,1,531,1.766,0
855,70,1541.44,2.6,3545.46,1,0.156,1,665,2.299,1
856,40,1214.38,1.2,821.78,1,0.279,1,639,0.676,0
857,54,3096.43,18.8,2868.0,0,0.595,1,622,0.926,0
858,70,1827.41,5.2,2599.13,1,0.078,0,678,1.422,0
859,54,4677.86,13.6,10311.27,3,0.259,1,665,2.204,1
860,27,1754.03,1.8,4130.32,2,0.239,0,686,2.353,0
861,27,1268.76,7.6,2345.82,0,0.246,0,661,1.847,0
862,36,1000.0,7.3,216.55,3,0.149,0,683,0.216,1
863,34,1000.0,5.9,1672.89,3,0.228,1,657,1.671,0
864,38,1000.0,16.9,1025.76,1,0.54,1,597,1.025,0
865,31,2066.4,2.5,2431.64,4,0.407,0,650,1.176,1
866,26,2331.72,0.7,286.5,1,0.59,0,592,0.123,0
867,63,1000.0,5.6,477.66,3,0.443,1,587,0.477,1
868,18,2828.55,6.5,5590.02,2,0.245,1,623,1.976,1
869,68,1420.08,4.3,1611.65,3,0.264,0,640,1.134,1
870,62,1945.74,1.2,1467.39,1,0.544,1,652,0.754,1
871,30,4048.53,3.5,3886.79,1,0.134,1,723,0.96,0
872,21,2831.1,1.9,6047.22,0,0.201,0,610,2.135,0
873,18,1580.88,2.8,2960.19,1,0.325,1,665,1.871,0
874,66,1157.95,5.2,788.32,4,0.217,1,659,0.68,1
875,57,1000.0,6.8,293.75,1,0.282,0,601,0.293,1
876,49,1261.96,1.3,795.03,2,0.187,1,655,0.629,0
877,51,1626.91,2.6,3744.96,2,0.235,1,730,2.3,0
878,45,1103.69,1.6,1604.73,1,0.096,1,664,1.453,0
879,48,1693.19,1.1,2258.21,3,0.217,1,668,1.333,1
880,25,1878.87,7.6,2801.37,1,0.277,0,593,1.49,0
881,56,1615.78,12.0,1478.55,0,0.219,1,807,0.915,1
882,43,1306.36,2.3,2635.93,5,0.137,1,598,2.016,0
883,51,1967.12,7.0,2573.42,1,0.244,1,516,1.308,1
884,20,2255.15,11.4,658.21,1,0.156,1,718,0.292,0
885,67,1048.17,9.4,338.21,1,0.117,1,640,0.322,1
886,29,3660.91,1.0,4913.48,1,0.375,1,625,1.342,0
887,18,1721.08,15.7,4029.78,1,0.079,1,606,2.34,0
888,61,1825.16,2.4,1406.98,0,0.205,1,799,0.77,0
889,22,2576.29,2.1,5600.48,2,0.288,1,678,2.173,0
890,47,2031.66,0.3,3880.95,2,0.345,0,693,1.909,0
891,47,2911.92,3.3,1804.03,1,0.683,1,663,0.619,0
892,34,2087.17,0.6,189.62,3,0.344,1,671,0.091,0
893,65,1331.13,1.4,338.93,1,0.077,1,761,0.254,1
894,64,2166.25,1.9,3945.25,0,0.369,0,629,1.82,0
895,40,1020.59,8.3,509.45,3,0.452,1,533,0.499,1
896,32,1908.9,10.4,1771.79,3,0.269,0,719,0.928,1
897,54,1778.25,1.8,2230.37,0,0.226,1,689,1.254,0
898,38,1629.36,9.8,2955.12,1,0.278,0,658,1.813,0
899,31,1695.5,9.7,479.96,2,0.356,1,687,0.283,1
900,19,1000.0,7.2,1015.92,1,0.417,0,620,1.015,0
901,28,1374.21,0.8,1666.49,0,0.262,0,651,1.212,0
902,68,1893.95,5.9,2560.76,0,0.39,1,639,1.351,0
903,56,1958.49,14.5,4006.87,2,0.07,1,602,2.045,0
904,55,1081.56,5.7,464.2,3,0.174,1,745,0.429,1
905,51,3404.5,2.0,6875.66,0,0.186,1,537,2.019,0
906,55,1172.52,3.5,2031.04,0,0.092,0,838,1.731,1
907,67,2935.78,5.2,4079.79,1,0.282,1,720,1.389,0
908,51,2238.58,3.6,3914.87,3,0.333,1,507,1.748,0
909,35,1308.83,0.6,1348.15,0,0.52,1,632,1.029,1
910,47,4392.51,1.9,1519.78,5,0.266,1,636,0.346,1
911,32,1000.0,8.1,1664.41,1,0.371,0,681,1.663,0
912,44,2862.86,9.9,3755.16,1,0.364,0,570,1.311,0
913,68,2981.83,0.7,4766.26,3,0.223,1,652,1.598,0
914,51,1292.96,15.2,1092.55,1,0.316,0,640,0.844,0
915,69,3627.26,2.0,8223.6,0,0.135,0,590,2.267,0
916,55,1595.55,5.4,2342.95,1,0.483,1,579,1.468,1
917,50,2088.8,7.0,445.97,1,0.527,0,723,0.213,0
918,41,2059.38,8.4,2315.79,1,0.342,1,514,1.124,0
919,32,1690.61,14.6,3196.76,2,0.357,1,688,1.89,0
920,47,2711.9,1.9,5384.03,1,0.12,1,713,1.985,1
921,59,2688.52,9.8,3324.33,0,0.442,0,632,1.236,0
922,68,1000.0,0.7,2236.87,2,0.221,1,654,2.235,1
923,34,3470.9,6.1,2322.63,1,0.382,1,743,0.669,0
924,22,1000.0,6.8,1026.5,2,0.23,1,593,1.025,0
925,46,3029.86,5.7,6806.57,2,0.286,1,601,2.246,0
926,21,3175.92,1.5,7116.1,1,0.267,0,610,2.24,0
927,27,1047.87,10.3,1796.35,1,0.115,1,743,1.713,0
928,34,1472.32,0.9,3161.73,0,0.569,1,753,2.146,0
929,27,1040.18,0.3,230.85,2,0.27,1,538,0.222,1
930,34,1623.82,6.3,3511.5,1,0.408,1,730,2.161,0
931,37,1549.96,3.2,1242.37,4,0.324,1,715,0.801,0
932,41,2669.99,9.5,1190.36,1,0.092,1,774,0.446,0
933,22,3481.28,2.4,2083.28,3,0.064,1,680,0.598,0
934,51,3633.1,0.9,3796.3,1,0.037,1,646,1.045,0
935,23,1365.01,9.1,857.2,2,0.156,1,741,0.628,0
936,70,1628.46,4.0,1305.08,2,0.197,1,705,0.801,0
937,19,1000.0,1.0,337.45,4,0.202,0,829,0.337,0
938,30,1208.42,6.4,894.76,1,0.425,1,726,0.74,0
939,60,2929.03,3.6,4190.59,0,0.207,0,662,1.43,0
940,60,4055.35,4.6,4479.67,3,0.033,1,556,1.104,0
941,65,1000.0,3.1,866.8,6,0.186,1,603,0.866,0
942,28,1344.49,8.8,2508.99,1,0.038,1,535,1.865,0
943,68,1784.33,8.8,3985.79,0,0.413,1,632,2.233,0
944,64,2079.91,6.2,3935.14,1,0.675,1,724,1.891,1
945,40,1206.16,0.6,1001.12,1,0.294,0,649,0.829,0
946,33,2235.08,9.1,4159.71,0,0.393,1,731,1.86,0
947,48,1426.64,5.6,542.05,1,0.179,1,677,0.38,0
948,28,1795.02,6.0,584.81,1,0.248,1,617,0.326,0
949,33,2375.93,2.3,2052.96,4,0.186,0,657,0.864,0
950,25,1813.86,10.6,3662.64,4,0.625,0,687,2.018,1
951,21,1453.61,6.5,895.24,2,0.338,1,661,0.615,0
952,57,1711.62,0.6,270.66,0,0.029,1,662,0.158,0
953,21,1729.9,2.6,569.61,1,0.219,1,588,0.329,0
954,42,1502.66,10.9,3226.01,1,0.248,0,615,2.145,0
955,20,1588.59,0.2,2517.05,2,0.345,0,830,1.583,1
956,49,4021.15,16.3,2545.4,0,0.268,0,748,0.633,0
957,20,2393.37,5.7,3322.58,5,0.241,1,532,1.388,1
958,44,1559.72,5.0,2057.19,2,0.332,1,460,1.318,1
959,46,2561.83,1.6,4197.79,2,0.349,0,656,1.638,0
960,49,1530.1,1.4,892.0,1,0.343,0,721,0.583,0
961,67,3250.49,14.2,7024.34,1,0.336,0,608,2.16,1
962,68,2175.08,1.8,1682.25,0,0.095,1,731,0.773,0
963,36,1713.6,7.5,2973.65,3,0.406,1,654,1.734,1
964,38,2261.67,2.5,91.17,4,0.247,1,636,0.04,0
965,22,1000.0,0.7,931.64,2,0.357,0,710,0.931,0
966,35,1029.28,0.1,905.02,1,0.266,1,607,0.878,0
967,45,1000.0,3.9,1358.71,3,0.325,1,627,1.357,0
968,59,1942.0,18.6,353.13,1,0.393,1,703,0.182,1
969,39,4299.51,2.3,8492.95,2,0.091,1,647,1.975,0
970,38,5517.33,2.2,3003.92,1,0.189,1,802,0.544,0
971,23,2487.48,2.1,4210.3,0,0.164,1,705,1.692,0
972,18,2322.55,3.7,4663.76,0,0.051,1,700,2.007,0
973,22,1000.0,2.9,1404.69,3,0.32,0,646,1.403,0
974,58,1378.38,10.6,2553.04,2,0.083,0,719,1.851,1
975,29,1219.39,3.5,2017.67,0,0.579,1,624,1.653,0
976,43,1325.54,3.5,1178.17,3,0.621,0,672,0.888,1
977,63,1662.25,0.7,3361.32,1,0.113,1,576,2.021,1
978,51,1427.89,20.3,1052.0,1,0.296,0,733,0.736,0
979,66,1000.0,1.4,1428.03,1,0.336,0,673,1.427,0
980,31,2627.94,0.4,4897.15,1,0.335,1,808,1.863,0
981,43,1057.46,5.4,1001.83,2,0.331,1,841,0.946,0
982,62,2037.79,4.5,1542.45,0,0.603,1,711,0.757,1
983,44,5100.23,2.7,5856.93,0,0.343,0,655,1.148,0
984,26,1141.74,2.7,2334.75,1,0.169,1,574,2.043,0
985,43,1000.0,7.7,2324.8,1,0.334,1,722,2.322,0
986,64,1567.12,1.1,2135.53,1,0.256,1,666,1.362,0
987,39,3135.3,8.6,5184.74,1,0.11,0,693,1.653,0
988,64,4813.47,5.2,10869.7,3,0.11,0,788,2.258,0
989,47,1000.0,2.7,246.37,2,0.252,1,584,0.246,0
990,60,2317.74,3.1,1344.75,2,0.409,0,576,0.58,0
991,65,1432.74,1.5,2539.18,0,0.264,0,631,1.771,0
992,34,1714.76,7.0,3531.3,0,0.531,0,715,2.058,0
993,43,6782.98,3.6,14533.02,2,0.451,1,694,2.142,0
994,53,1000.0,1.9,1037.77,0,0.302,1,578,1.037,0
995,18,2052.61,4.5,458.45,2,0.456,1,710,0.223,0
996,25,2284.37,27.3,2500.14,3,0.338,1,553,1.094,1
997,66,3111.6,2.9,1794.89,3,0.391,1,582,0.577,0
998,52,1898.83,12.7,1382.33,1,0.018,1,640,0.728,0
999,69,2109.12,2.1,4072.01,2,0.125,1,605,1.93,0
1000,32,1486.49,0.3,280.68,1,0.345,1,721,0.189,0
1001,64,2068.47,1.1,4279.56,3,0.171,1,672,2.068,0
1002,39,1522.95,2.7,1628.3,2,0.283,1,791,1.068,0
1003,31,2467.07,1.2,3676.33,1,0.348,0,630,1.49,0
1004,43,1502.96,0.0,336.86,2,0.427,0,640,0.224,0
1005,45,2183.21,12.3,1841.31,0,0.02,1,746,0.843,0
1006,40,1781.78,9.3,399.57,1,0.473,0,642,0.224,0
1007,31,3174.88,6.8,7631.96,0,0.298,1,769,2.403,0
1008,41,1762.17,0.9,3556.34,0,0.14,0,693,2.017,0
1009,19,1000.0,0.6,1149.08,2,0.261,1,461,1.148,0
1010,62,3398.06,0.3,1899.54,3,0.415,1,744,0.559,0
1011,43,1149.56,6.4,2682.65,2,0.119,1,723,2.332,0
1012,31,1303.9,13.2,1123.3,2,0.451,1,726,0.861,0
1013,68,1342.34,2.8,540.24,0,0.518,1,497,0.402,1
1014,24,3594.71,0.6,5061.03,1,0.253,1,596,1.408,0
1015,20,1000.0,3.6,2359.44,0,0.126,1,602,2.357,0
1016,64,8680.85,2.1,83.13,1,0.176,0,582,0.01,0
1017,40,3065.69,2.3,1825.04,3,0.326,1,789,0.595,0
1018,63,2021.55,4.9,4742.8,1,0.275,1,649,2.345,0
1019,60,1759.09,6.3,752.39,0,0.346,1,647,0.427,1
1020,64,2085.53,0.6,590.43,1,0.34,0,694,0.283,0
1021,62,2346.22,0.2,3344.46,0,0.313,1,695,1.425,0
1022,35,2496.41,25.9,5378.78,0,0.379,1,383,2.154,0
1023,55,2387.02,1.3,2847.18,1,0.18,1,598,1.192,1
1024,52,1890.87,0.3,4701.47,0,0.598,1,536,2.485,0
1025,68,1638.16,1.1,2781.48,2,0.259,1,682,1.697,0
1026,32,1676.33,0.2,310.44,0,0.496,1,626,0.185,0
1027,42,1640.15,2.5,4071.0,4,0.367,1,651,2.481,1
1028,54,3187.16,8.1,3250.06,1,0.194,1,483,1.019,0
1029,45,2432.75,2.1,1747.95,3,0.321,1,625,0.718,1
1030,27,1000.0,2.9,1394.7,0,0.301,1,739,1.393,0
1031,56,2509.78,5.6,1909.36,3,0.264,1,762,0.76,0
1032,34,1992.94,3.6,430.76,1,0.573,0,707,0.216,1
1033,56,1791.21,9.9,6.4,2,0.187,1,543,0.004,0
1034,39,1488.82,10.1,1673.37,3,0.424,0,750,1.123,0
1035,43,3171.81,0.0,6635.92,2,0.41,1,707,2.091,0
1036,61,2903.76,7.5,4154.67,0,0.271,1,640,1.43,0
1037,42,1228.51,3.1,3068.85,1,0.08,0,487,2.496,0
1038,34,2216.15,22.5,1589.24,2,0.384,1,726,0.717,0
1039,30,1112.28,3.3,779.86,2,0.22,1,602,0.701,0
1040,37,1000.0,21.7,399.37,1,0.099,1,677,0.399,0
1041,42,1321.66,7.0,542.09,0,0.335,1,655,0.41,0
1042,21,2782.76,1.4,1984.01,2,0.099,0,773,0.713,0
1043,27,2911.9,3.9,5771.69,3,0.334,1,639,1.981,0
1044,20,2336.81,24.2,5291.46,5,0.409,1,648,2.263,1
1045,58,2598.13,9.7,6333.51,1,0.215,0,776,2.437,0
1046,62,2340.43,0.5,1359.14,1,0.521,0,597,0.58,0
1047,35,1311.94,6.1,2890.51,1,0.228,0,715,2.202,1
1048,64,2243.88,2.1,1841.41,1,0.641,1,634,0.82,1
1049,53,2697.83,0.0,761.06,4,0.184,0,569,0.282,0
1050,64,2636.34,2.6,5734.2,1,0.466,0,650,2.174,0
1051,39,3276.26,1.3,5210.11,3,0.343,0,705,1.59,0
1052,51,2576.41,8.5,1061.04,0,0.167,0,758,0.412,0
1053,64,2155.38,2.1,2316.13,1,0.257,0,767,1.074,0
1054,25,3087.37,8.8,2217.18,1,0.026,1,626,0.718,0
1055,57,1784.22,0.0,3286.52,1,0.201,1,571,1.841,1
1056,66,1163.35,1.8,1318.71,1,0.283,0,624,1.133,1
1057,61,1666.48,1.4,4121.53,3,0.193,1,555,2.472,0
1058,36,1245.82,1.3,170.51,0,0.092,1,632,0.137,0
1059,59,1290.02,0.4,1144.94,3,0.297,1,622,0.887,0
1060,58,1682.0,1.0,2026.39,2,0.189,0,708,1.204,0
1061,54,1216.57,4.1,1530.24,1,0.296,1,473,1.257,1
1062,23,1550.01,1.7,1224.26,3,0.287,1,591,0.789,0
1063,69,1000.0,2.7,1823.1,1,0.631,1,591,1.821,1
1064,43,2011.52,2.4,4398.93,2,0.706,1,744,2.186,1
1065,51,1809.13,10.4,4245.67,1,0.472,1,560,2.346,0
1066,62,1201.66,11.8,2418.61,0,0.476,1,668,2.011,0
1067,23,2513.98,3.4,5345.86,1,0.432,0,639,2.126,0
1068,54,2889.34,2.0,3976.79,1,0.478,0,733,1.376,1
1069,50,1000.0,0.6,2064.72,0,0.619,0,697,2.063,0
1070,70,1234.77,15.3,936.89,1,0.093,1,659,0.758,0
1071,39,1230.81,0.3,1226.13,1,0.257,1,605,0.995,0
1072,38,1130.09,1.8,895.35,3,0.333,1,501,0.792,1
1073,23,2737.33,1.8,3198.48,1,0.628,1,669,1.168,0
1074,23,1641.04,1.9,1171.62,1,0.268,1,692,0.714,0
1075,65,1584.05,0.9,3808.11,1,0.08,0,524,2.403,1
1076,21,1000.0,7.6,782.11,1,0.404,1,551,0.781,1
1077,47,2484.21,0.7,608.91,1,0.027,1,670,0.245,1
1078,28,1000.0,5.0,1317.04,3,0.085,0,677,1.316,0
1079,47,1863.04,0.7,265.95,3,0.516,1,570,0.143,1
1080,48,2077.02,0.4,574.0,1,0.207,0,604,0.276,0
1081,41,3570.03,12.0,1958.07,2,0.194,0,503,0.548,0
1082,26,1000.0,1.1,1160.88,2,0.385,1,760,1.16,0
1083,20,1000.0,8.6,1083.13,5,0.211,1,546,1.082,1
1084,68,1982.12,3.9,3962.72,2,0.4,0,693,1.998,0
1085,48,4448.2,0.4,8223.33,2,0.376,1,647,1.848,0
1086,57,3359.25,15.6,3580.27,2,0.283,1,753,1.065,0
1087,54,2007.87,1.4,1675.09,2,0.261,0,586,0.834,0
1088,53,1414.01,9.8,1118.72,4,0.373,1,654,0.791,0
1089,41,2706.91,0.9,5237.83,1,0.118,1,514,1.934,0
1090,48,1111.23,9.6,144.66,1,0.272,1,494,0.13,1
1091,23,2294.29,0.1,73.54,0,0.121,0,697,0.032,0
1092,19,2327.93,3.6,4629.93,6,0.319,1,507,1.988,1
1093,37,3072.06,7.3,3664.56,0,0.162,1,631,1.192,0
1094,45,7185.57,13.7,2351.14,3,0.366,1,730,0.327,1
1095,28,2199.99,12.0,1295.61,1,0.274,1,709,0.589,0
1096,21,1401.81,8.6,3267.98,1,0.415,0,596,2.33,0
1097,32,1785.07,11.0,3835.68,0,0.089,0,522,2.148,0
1098,23,1000.0,1.1,1774.46,1,0.615,1,690,1.773,1
1099,66,1277.48,1.7,1540.08,1,0.312,1,757,1.205,0
1100,47,1473.45,1.7,1916.67,1,0.142,1,597,1.3,0
1101,55,1391.25,2.4,3392.02,2,0.206,1,585,2.436,0
1102,68,1951.16,2.5,4710.92,3,0.582,1,608,2.413,0
1103,19,1198.46,3.9,644.98,0,0.56,1,695,0.538,0
1104,32,3166.92,0.9,6421.76,2,0.453,1,748,2.027,0
1105,28,1808.23,5.9,891.65,2,0.093,1,550,0.493,0
1106,25,1799.65,0.9,960.73,2,0.114,0,530,0.534,0
1107,43,1534.64,1.9,2593.9,1,0.137,0,837,1.689,0
1108,68,1953.92,3.5,1978.35,1,0.332,1,635,1.012,0
1109,62,2731.34,8.0,6360.92,0,0.209,1,670,2.328,1
1110,61,1171.96,6.7,260.79,3,0.201,0,594,0.222,0
1111,22,1301.07,5.2,1663.83,1,0.376,0,689,1.278,1
1112,23,1553.3,0.8,3566.85,1,0.309,1,726,2.295,0
1113,43,1000.0,4.0,2260.28,4,0.047,0,673,2.258,1
1114,21,1200.35,0.5,469.73,2,0.089,0,789,0.391,0
1115,36,1424.95,2.4,1306.1,6,0.392,1,623,0.916,1
1116,37,2799.5,2.7,4333.07,1,0.562,1,628,1.547,0
1117,50,2061.69,0.2,821.56,1,0.379,1,668,0.398,0
1118,37,1991.8,1.6,4820.27,2,0.516,1,687,2.419,1
1119,66,2766.81,15.6,6327.34,2,0.102,1,668,2.286,0
1120,29,1688.02,15.4,704.54,1,0.079,0,547,0.417,0
1121,64,2197.84,2.2,665.7,2,0.023,0,675,0.303,0
1122,18,1717.09,0.2,366.64,3,0.515,1,620,0.213,0
1123,43,2064.58,1.0,4694.04,2,0.427,1,603,2.273,0
1124,31,1351.03,2.5,653.98,0,0.274,1,652,0.484,0
1125,55,1000.0,14.8,1040.71,1,0.328,1,573,1.04,0
1126,54,1690.64,0.8,1897.11,1,0.569,1,559,1.121,1
1127,28,3682.6,7.2,5514.79,1,0.14,0,440,1.497,0
1128,53,2872.99,0.6,515.24,0,0.03,1,789,0.179,0
1129,30,2929.83,19.9,1660.91,1,0.14,1,694,0.567,0
1130,60,3354.52,2.4,7811.77,2,0.06,1,640,2.328,0
1131,20,1889.99,7.5,4292.22,1,0.725,1,596,2.27,0
1132,50,1995.52,2.1,3897.69,1,0.393,1,419,1.952,0
1133,23,1327.66,4.9,64.4,1,0.577,1,591,0.048,1
1134,67,1543.74,1.1,1262.03,2,0.314,1,707,0.817,0
1135,27,2459.92,0.8,3861.83,0,0.346,1,725,1.569,0
1136,22,3300.87,13.9,2270.92,0,0.242,1,701,0.688,0
1137,40,1686.27,12.5,3834.53,0,0.525,1,662,2.273,0
1138,27,1443.61,10.9,2287.73,2,0.295,1,754,1.584,0
1139,61,1808.52,4.9,325.11,1,0.098,0,623,0.18,0
1140,19,2442.08,8.3,5549.65,2,0.432,1,736,2.272,1
1141,30,1000.0,0.4,2394.42,0,0.294,1,619,2.392,0
1142,57,1000.0,2.0,194.28,1,0.295,1,579,0.194,0
1143,19,1372.97,1.9,1827.29,2,0.401,1,569,1.33,0
1144,37,1000.0,5.0,758.41,3,0.646,0,564,0.758,0
1145,18,1402.39,2.2,1377.28,3,0.693,1,702,0.981,1
1146,54,1679.26,0.8,754.2,2,0.619,0,590,0.449,1
1147,26,1441.41,4.5,2083.09,0,0.354,1,567,1.444,0
1148,34,3737.73,8.4,8951.67,1,0.439,1,707,2.394,0
1149,26,2128.92,2.4,2677.51,3,0.199,0,676,1.257,0
1150,28,2101.14,0.7,435.54,2,0.388,1,727,0.207,0
1151,32,2467.85,1.1,3825.18,0,0.274,1,691,1.549,0
1152,41,1023.09,1.4,870.2,2,0.092,0,589,0.85,0
1153,55,3039.83,1.8,6504.66,4,0.411,0,656,2.139,1
1154,52,1740.83,5.1,1891.75,3,0.129,1,660,1.086,0
1155,47,2528.14,4.6,1218.82,1,0.233,1,576,0.482,0
1156,48,1057.93,6.0,505.44,3,0.235,1,561,0.477,0
1157,66,1000.0,2.3,1921.91,0,0.516,1,595,1.92,1
1158,22,2721.52,8.7,1807.0,3,0.241,1,812,0.664,0
1159,61,2182.45,1.1,4186.13,1,0.466,0,616,1.917,0
1160,67,1151.68,3.2,592.79,1,0.118,1,748,0.514,1
1161,31,1170.48,8.1,941.32,4,0.166,0,612,0.804,0
1162,70,3173.9,1.0,3693.53,2,0.528,1,721,1.163,0
1163,28,1000.0,0.6,2357.99,5,0.175,1,722,2.356,1
1164,26,4110.65,10.8,9575.05,3,0.15,0,726,2.329,0
1165,51,1152.5,2.1,596.05,2,0.45,1,681,0.517,1
1166,29,2487.9,5.8,2228.04,0,0.333,1,760,0.895,0
1167,52,1534.09,0.1,572.98,2,0.172,1,680,0.373,1
1168,52,2444.49,5.9,3116.64,2,0.353,0,787,1.274,0
1169,18,1377.39,1.9,1586.0,1,0.292,1,520,1.151,0
1170,57,1666.7,0.3,3753.25,3,0.344,1,677,2.251,1
1171,39,1845.42,4.7,4290.62,1,0.156,1,672,2.324,0
1172,46,1095.43,1.4,1050.43,0,0.122,1,575,0.958,0
1173,25,2618.64,2.4,3219.22,3,0.224,0,696,1.229,0
1174,28,1398.83,0.4,3134.21,4,0.068,1,530,2.239,1
1175,58,1612.76,0.8,3252.56,1,0.047,1,597,2.016,1
1176,54,1099.74,1.8,10.05,1,0.114,1,490,0.009,0
1177,31,1000.0,0.5,800.15,3,0.184,0,774,0.799,0
1178,47,1643.34,12.1,1732.8,0,0.109,0,631,1.054,0
1179,52,6040.9,0.0,3469.23,1,0.129,0,823,0.574,0
1180,38,2676.6,3.3,1335.43,5,0.407,1,714,0.499,1
1181,54,1790.71,0.7,169.15,0,0.06,1,685,0.094,0
1182,22,1585.34,1.8,2549.9,2,0.26,1,603,1.607,0
1183,36,1828.47,13.0,1199.98,0,0.04,0,566,0.656,0
1184,31,2376.92,0.9,311.06,1,0.246,0,691,0.131,0
1185,43,1001.84,16.9,578.51,4,0.087,0,644,0.577,0
1186,21,3156.32,1.2,6327.73,4,0.31,1,542,2.004,0
1187,42,2585.54,6.8,5503.9,0,0.169,1,528,2.128,0
1188,62,2589.17,4.0,3126.85,7,0.231,1,573,1.207,0
1189,59,2251.24,10.8,2341.69,2,0.62,0,795,1.04,0
1190,42,1825.86,4.0,4463.57,2,0.175,1,827,2.443,0
1191,35,2531.15,3.8,1269.15,1,0.581,0,666,0.501,0
1192,57,2430.63,1.1,1308.65,3,0.265,1,661,0.538,0
1193,25,1514.71,0.9,1105.24,0,0.269,1,623,0.729,0
1194,56,1357.23,12.4,586.18,1,0.077,1,575,0.432,0
1195,57,1902.51,2.0,1804.36,0,0.197,1,760,0.948,0
1196,31,3922.6,2.3,8932.1,1,0.426,1,799,2.277,0
1197,49,1000.0,7.1,1538.37,0,0.241,1,578,1.537,0
1198,68,1000.0,2.1,1029.87,0,0.141,1,643,1.029,0
1199,55,1963.3,15.2,4586.31,0,0.086,1,614,2.335,0
1200,50,1854.64,6.7,224.71,3,0.451,0,616,0.121,0
1201,40,1971.74,4.5,1036.52,1,0.425,0,744,0.525,0
1202,32,2042.6,10.6,2889.7,2,0.615,1,545,1.414,0
1203,50,1617.11,0.3,2488.55,1,0.117,1,687,1.538,0
1204,42,3808.28,1.5,376.61,1,0.45,1,708,0.099,0
1205,34,1000.0,3.1,1007.6,1,0.079,0,638,1.007,0
1206,50,1194.82,1.3,1939.06,1,0.202,1,721,1.622,0
1207,64,1717.07,6.8,2996.58,1,0.304,1,661,1.744,0
1208,19,1000.0,12.6,1595.35,5,0.429,0,747,1.594,1
1209,31,1655.86,2.8,1327.02,0,0.086,1,528,0.801,1
1210,70,4149.47,2.1,970.15,1,0.613,0,622,0.234,0
1211,57,1827.02,16.3,1950.86,1,0.27,1,644,1.067,0
1212,57,2029.11,2.9,653.14,2,0.118,1,436,0.322,0
1213,68,1000.0,3.4,2369.06,1,0.345,1,563,2.367,0
1214,56,1328.52,2.2,1578.18,1,0.516,0,584,1.187,0
1215,68,1498.77,12.0,1188.75,3,0.21,0,725,0.793,1
1216,23,1542.47,4.2,2955.01,1,0.256,1,593,1.915,1
1217,23,3431.74,7.2,4272.07,0,0.108,1,584,1.245,0
1218,20,2389.51,8.4,1852.08,1,0.271,1,715,0.775,0
1219,24,1037.19,2.1,2105.41,1,0.22,0,520,2.028,1
1220,68,2045.2,2.8,4433.76,3,0.224,1,484,2.167,0
1221,25,2319.51,9.4,3902.62,1,0.173,0,621,1.682,0
1222,59,3197.34,2.3,375.4,2,0.047,1,534,0.117,0
1223,69,3984.91,7.9,5641.87,2,0.182,1,537,1.415,0
1224,32,1088.39,14.2,2076.9,0,0.256,1,695,1.906,0
1225,64,1205.41,4.9,411.35,2,0.161,0,720,0.341,0
1226,46,1000.0,6.8,571.68,0,0.132,0,713,0.571,0
1227,50,1608.39,8.2,3548.49,0,0.169,1,738,2.205,0
1228,69,2282.85,9.3,114.84,1,0.245,1,749,0.05,0
1229,47,2962.14,2.5,5574.21,2,0.215,1,479,1.881,0
1230,56,1740.67,0.3,2061.71,3,0.355,1,686,1.184,1
1231,44,1540.83,2.6,1721.0,2,0.129,0,607,1.116,0
1232,53,1950.57,5.6,34.61,1,0.058,1,590,0.018,0
1233,46,1190.86,3.0,2439.47,1,0.208,0,694,2.047,0
1234,55,5139.8,6.9,4623.57,2,0.466,0,511,0.899,0
1235,50,1000.0,2.2,1351.91,0,0.208,0,509,1.351,1
1236,54,1983.01,5.0,3357.73,2,0.497,0,700,1.692,0
1237,44,4973.12,1.0,8735.66,3,0.608,1,689,1.756,0
1238,50,1814.2,6.9,4335.85,2,0.07,0,660,2.389,0
1239,21,1644.15,3.9,2184.01,2,0.305,1,579,1.328,0
1240,39,1512.13,1.1,1511.07,0,0.715,1,709,0.999,0
1241,19,1652.1,1.7,3939.04,0,0.448,0,704,2.383,0
1242,27,3591.86,6.9,5765.92,2,0.463,1,656,1.605,0
1243,22,1000.0,3.3,745.38,0,0.173,0,555,0.745,0
1244,27,3892.15,1.2,1230.54,5,0.177,0,615,0.316,0
1245,50,1000.0,17.1,2106.39,0,0.313,0,717,2.104,0
1246,55,1582.36,6.3,1432.76,0,0.422,1,756,0.905,0
1247,30,1458.81,15.7,2408.75,2,0.273,1,623,1.65,1
1248,48,2426.67,2.8,2856.29,2,0.467,1,630,1.177,1
1249,64,1000.0,3.2,497.32,0,0.555,0,637,0.497,0
1250,53,2278.08,11.4,3426.72,1,0.059,1,671,1.504,0
1251,62,4974.87,3.7,754.73,2,0.515,1,603,0.152,1
1252,41,1000.0,6.1,1033.36,2,0.493,1,418,1.032,1
1253,69,1987.94,1.5,2716.59,2,0.234,1,745,1.366,0
1254,32,1298.56,3.0,1415.58,1,0.118,1,793,1.089,0
1255,46,2237.12,0.7,4187.17,4,0.434,1,601,1.871,0
1256,25,1825.44,1.2,3778.31,4,0.265,1,564,2.069,1
1257,22,1311.93,0.0,2529.55,0,0.295,0,639,1.927,0
1258,46,2307.54,0.2,223.91,1,0.147,1,634,0.097,0
1259,64,4456.75,18.9,2162.96,0,0.16,1,729,0.485,0
1260,21,1643.44,1.4,2204.71,1,0.286,1,654,1.341,1
1261,29,2591.21,5.4,6055.79,2,0.4,0,586,2.336,0
1262,62,1000.0,9.1,2087.39,3,0.179,1,544,2.085,0
1263,19,1120.78,4.0,2360.74,0,0.509,1,719,2.104,0
1264,44,2289.76,0.8,1735.69,1,0.401,1,697,0.758,0
1265,48,3797.35,6.5,4076.91,4,0.413,1,734,1.073,0
1266,68,2159.88,4.6,2541.67,2,0.675,1,572,1.176,0
1267,68,1546.07,6.6,608.27,2,0.138,1,797,0.393,0
1268,53,1807.4,7.3,140.38,4,0.415,0,510,0.078,0
1269,53,1000.0,18.5,2367.26,1,0.582,1,706,2.365,0
1270,43,2446.12,4.3,1472.03,2,0.197,1,497,0.602,0
1271,60,2810.64,2.1,1686.02,2,0.23,1,586,0.6,0
1272,44,1442.24,5.2,300.63,3,0.439,1,774,0.208,0
1273,22,1429.36,0.4,3317.92,0,0.393,0,716,2.32,1
1274,37,2065.11,11.4,2993.05,1,0.099,1,606,1.449,0
1275,28,1453.37,0.6,2423.63,1,0.324,0,608,1.666,0
1276,27,1749.23,2.0,3986.4,2,0.045,0,658,2.278,0
1277,57,5166.04,8.5,4463.72,0,0.457,1,691,0.864,0
1278,55,1597.97,4.5,2482.87,2,0.18,0,750,1.553,1
1279,23,1511.46,2.5,146.61,2,0.424,1,613,0.097,1
1280,25,1307.97,3.2,610.73,1,0.13,1,521,0.467,0
1281,40,2623.06,9.6,5451.01,2,0.267,1,662,2.077,0
1282,64,1651.42,2.1,3165.63,2,0.105,1,613,1.916,0
1283,43,1306.77,10.2,1145.52,1,0.13,1,545,0.876,0
1284,63,3500.47,0.5,3297.53,2,0.121,1,673,0.942,0
1285,60,3676.81,7.5,4904.45,1,0.148,1,632,1.334,0
1286,29,1339.15,9.4,0.81,2,0.455,1,674,0.001,0
1287,43,1000.0,1.0,603.11,0,0.233,1,578,0.603,0
1288,30,2992.18,2.8,1557.67,0,0.287,1,688,0.52,0
1289,57,1283.94,0.9,804.01,0,0.228,1,544,0.626,0
1290,35,2684.67,6.1,5408.98,0,0.055,1,583,2.014,0
1291,42,1000.0,3.8,699.18,1,0.381,1,630,0.698,0
1292,50,2825.1,5.0,1352.67,3,0.531,1,789,0.479,0
1293,64,1000.0,1.1,1260.66,1,0.178,1,712,1.259,1
1294,57,2605.51,1.2,5638.61,2,0.06,1,736,2.163,0
1295,60,1820.99,0.2,1098.74,0,0.165,1,763,0.603,0
1296,29,1122.18,1.9,220.33,1,0.304,0,938,0.196,0
1297,61,1475.1,4.1,1314.33,2,0.085,1,653,0.89,0
1298,53,2548.24,9.8,4763.0,0,0.468,1,763,1.868,0
1299,65,1906.35,5.5,2624.53,2,0.159,1,731,1.376,0
1300,21,2421.66,2.9,4944.98,2,0.065,1,729,2.041,0
1301,22,4857.21,15.3,11652.36,0,0.073,1,791,2.398,0
1302,54,1000.0,6.4,1981.66,1,0.303,1,616,1.98,0
1303,25,4058.65,13.3,6126.57,2,0.226,1,610,1.509,0
1304,59,1904.89,3.7,2349.4,3,0.197,1,675,1.233,0
1305,66,1153.56,1.5,115.56,2,0.397,0,635,0.1,0
1306,45,1000.0,0.3,2460.8,1,0.345,1,675,2.458,0
1307,48,1644.91,6.5,1576.98,0,0.325,1,775,0.958,0
1308,26,2866.44,0.6,1090.88,0,0.246,0,611,0.38,0
1309,68,1696.34,1.8,2827.4,2,0.447,1,625,1.666,1
1310,46,3849.03,3.8,2735.59,1,0.14,0,663,0.711,0
1311,31,1000.0,4.2,1464.45,1,0.182,1,631,1.463,0
1312,57,1797.15,4.6,2636.27,1,0.607,1,496,1.466,1
1313,58,1000.0,0.9,1114.32,1,0.176,1,603,1.113,0
1314,39,2168.55,2.4,4532.92,1,0.607,0,704,2.089,0
1315,28,2817.04,4.8,1866.06,0,0.067,1,765,0.662,0
1316,40,1465.01,17.5,1643.13,3,0.216,0,557,1.121,0
1317,18,1000.0,6.5,1344.23,2,0.545,1,557,1.343,1
1318,63,1997.15,12.8,3313.39,2,0.211,1,652,1.658,0
1319,54,2249.29,7.2,4408.45,1,0.428,0,483,1.959,1
1320,38,2213.1,4.5,2184.37,0,0.405,1,614,0.987,0
1321,43,3353.94,1.1,5417.01,2,0.143,0,511,1.615,0
1322,63,1058.36,5.5,398.5,2,0.043,1,759,0.376,0
1323,53,2540.48,4.9,5923.43,2,0.22,0,588,2.331,0
1324,40,3282.15,4.6,3143.14,3,0.364,1,782,0.957,0
1325,18,1000.0,3.4,1823.8,3,0.238,1,739,1.822,1
1326,68,2121.39,3.8,107.88,1,0.218,0,598,0.051,0
1327,57,1405.17,2.0,720.8,0,0.04,1,564,0.513,0
1328,32,1735.83,3.7,2113.73,0,0.304,1,634,1.217,0
1329,38,2151.32,1.1,4723.51,4,0.309,1,641,2.195,1
1330,64,1417.13,8.2,1867.97,2,0.718,1,677,1.317,1
1331,26,1289.68,1.0,2998.08,2,0.44,0,587,2.323,0
1332,70,1839.18,0.4,2224.48,2,0.23,1,709,1.209,0
1333,26,1049.82,2.9,1287.21,1,0.089,1,671,1.225,0
1334,27,1050.57,5.4,314.51,0,0.231,1,622,0.299,0
1335,69,2539.41,2.9,5095.68,4,0.342,0,593,2.006,1
1336,70,1018.01,1.6,628.53,3,0.253,1,635,0.617,0
1337,43,2522.88,4.1,5674.04,4,0.386,1,584,2.248,1
1338,58,2278.55,2.1,5188.4,2,0.396,1,654,2.276,0
1339,52,1000.0,13.5,2358.28,2,0.356,1,656,2.356,0
1340,69,1288.48,12.8,1675.77,1,0.2,0,670,1.3,0
1341,42,3284.78,3.5,5560.26,2,0.364,1,791,1.692,0
1342,43,1107.01,2.0,2154.56,1,0.457,1,639,1.945,1
1343,28,1433.39,6.7,469.49,4,0.271,1,730,0.327,0
1344,55,2277.95,0.2,3422.37,2,0.046,0,668,1.502,0
1345,19,2674.97,3.2,229.37,4,0.08,1,630,0.086,0
1346,24,1594.36,2.0,1983.25,1,0.405,1,640,1.243,0
1347,35,1341.1,12.7,519.15,1,0.21,1,645,0.387,0
1348,44,3681.9,0.1,1683.76,0,0.673,0,672,0.457,0
1349,51,4313.26,4.0,3936.36,0,0.084,1,573,0.912,0
1350,44,2949.61,6.7,3188.8,0,0.275,1,532,1.081,0
1351,34,1886.84,3.3,2939.57,3,0.041,1,702,1.557,0
1352,60,1206.97,0.4,224.58,2,0.122,1,721,0.186,0
1353,61,1193.66,18.0,1503.09,2,0.391,0,709,1.258,0
1354,68,2347.85,3.6,1071.94,2,0.486,1,662,0.456,1
1355,41,2228.76,4.8,3198.13,0,0.143,0,711,1.434,0
1356,42,3643.86,1.3,5806.54,0,0.421,1,707,1.593,0
1357,24,2502.95,3.3,3483.54,1,0.447,1,713,1.391,0
1358,69,1000.0,2.8,1845.74,1,0.123,1,581,1.844,0
1359,23,3059.4,0.4,2566.91,2,0.265,0,562,0.839,0
1360,70,1097.7,0.6,2099.64,1,0.64,1,618,1.911,1
1361,41,1492.21,9.1,1614.45,1,0.215,0,648,1.081,0
1362,50,2048.99,1.4,2480.22,0,0.19,1,630,1.21,0
1363,66,4904.13,1.1,7945.95,3,0.305,1,499,1.62,0
1364,46,8560.89,3.5,392.91,2,0.083,0,787,0.046,0
1365,60,2448.82,7.3,4003.79,3,0.131,0,628,1.634,0
1366,39,1649.79,0.3,2551.33,2,0.43,1,663,1.546,0
1367,43,2361.97,4.3,1829.63,1,0.469,1,749,0.774,0
1368,45,2818.13,0.6,604.45,1,0.525,1,462,0.214,1
1369,67,1540.2,0.2,350.15,3,0.239,1,609,0.227,0
1370,38,4436.43,0.3,10239.55,3,0.233,1,619,2.308,0
1371,66,2028.47,9.0,3495.45,0,0.362,1,623,1.722,0
1372,24,2318.95,0.6,736.86,2,0.309,1,636,0.318,0
1373,34,2522.39,0.2,2249.49,2,0.433,1,765,0.891,0
1374,37,2232.31,2.9,3306.52,0,0.299,0,703,1.481,0
1375,58,2750.31,9.3,5745.21,2,0.297,1,726,2.088,0
1376,66,1327.93,1.5,144.95,3,0.129,1,653,0.109,0
1377,37,1367.65,2.7,809.08,1,0.089,0,538,0.591,0
1378,39,1043.07,0.2,2320.17,2,0.349,1,483,2.222,1
1379,45,2252.4,3.0,51.61,3,0.219,1,527,0.023,0
1380,57,2669.02,4.3,1343.85,2,0.095,1,678,0.503,0
1381,66,2273.07,4.2,5449.82,1,0.37,1,652,2.397,0
1382,24,4176.57,2.0,6404.79,1,0.594,0,633,1.533,0
1383,18,1802.99,1.9,1179.48,2,0.158,1,620,0.654,0
1384,49,2525.95,0.6,423.04,3,0.249,1,810,0.167,0
1385,30,1047.49,2.3,73.83,1,0.173,1,584,0.07,0
1386,47,1489.88,0.5,911.6,2,0.205,0,724,0.611,0
1387,40,2560.02,7.3,5641.55,2,0.236,1,650,2.203,0
1388,68,2764.32,16.9,2874.3,2,0.18,1,645,1.039,0
1389,36,1560.9,17.5,2810.92,3,0.338,1,744,1.8,1
1390,49,1744.46,10.0,4004.78,2,0.055,1,767,2.294,1
1391,47,1000.0,4.6,1020.1,2,0.328,1,630,1.019,0
1392,46,1512.45,6.0,723.24,1,0.18,1,713,0.478,0
1393,66,2821.97,1.7,3648.23,0,0.135,1,679,1.292,0
1394,62,2410.53,5.0,5472.41,0,0.184,1,650,2.269,0
1395,46,2322.35,3.0,4670.09,1,0.55,1,666,2.01,0
1396,47,1853.6,3.3,305.06,5,0.332,1,594,0.164,0
1397,33,1814.44,7.1,3141.58,3,0.42,0,625,1.73,1
1398,57,1299.64,1.7,1858.15,4,0.125,1,603,1.429,1
1399,36,2564.23,1.9,5817.36,1,0.136,1,722,2.268,0
1400,35,2231.63,12.9,683.33,1,0.453,1,642,0.306,0
1401,18,2312.33,0.3,3087.16,2,0.354,1,546,1.335,0
1402,31,1389.89,3.3,3055.9,0,0.175,1,592,2.197,0
1403,68,1000.0,12.2,1025.06,1,0.054,0,394,1.024,1
1404,64,3129.34,4.7,3770.81,1,0.3,1,610,1.205,0
1405,67,1423.08,4.0,250.68,1,0.251,0,653,0.176,0
1406,19,1174.52,1.4,816.71,1,0.206,0,639,0.695,0
1407,45,2557.38,2.1,2074.72,2,0.213,1,808,0.811,0
1408,66,1486.22,9.6,3511.66,3,0.523,0,695,2.361,1
1409,67,3071.64,4.1,2170.63,0,0.327,1,692,0.706,0
1410,47,2461.44,3.6,2836.01,1,0.183,1,518,1.152,1
1411,55,2544.74,0.5,4270.74,2,0.205,1,620,1.678,1
1412,68,1000.0,0.1,405.46,1,0.637,1,611,0.405,1
1413,21,3314.2,16.6,4030.42,2,0.437,0,587,1.216,0
1414,18,2060.34,2.4,3804.1,1,0.305,0,586,1.845,0
1415,25,1503.22,4.6,3257.67,3,0.342,0,505,2.166,0
1416,46,1942.43,0.4,3041.16,3,0.546,1,547,1.565,1
1417,56,1000.0,5.7,1672.63,2,0.6,1,719,1.671,1
1418,20,2217.92,13.5,700.22,0,0.44,1,638,0.316,1
1419,49,1080.65,4.3,2555.12,1,0.235,1,609,2.362,0
1420,27,1000.0,0.7,331.44,3,0.26,1,649,0.331,1
1421,27,1000.0,4.4,1936.68,1,0.649,1,743,1.935,0
1422,36,3153.74,7.3,2087.9,1,0.409,1,650,0.662,0
1423,63,1319.98,2.6,3080.8,1,0.092,1,693,2.332,0
1424,51,3892.72,10.6,7006.51,2,0.459,1,582,1.799,0
1425,50,1383.12,5.2,2606.54,2,0.252,1,600,1.883,1
1426,40,1000.0,11.5,547.65,3,0.401,0,678,0.547,1
1427,45,1034.57,4.9,1145.89,1,0.115,1,801,1.107,0
1428,49,3353.99,0.7,5180.35,2,0.323,1,764,1.544,0
1429,67,1672.46,1.9,3219.38,1,0.266,0,696,1.924,0
1430,24,1374.52,1.1,357.23,2,0.32,0,662,0.26,1
1431,46,1958.65,12.0,4712.33,2,0.175,0,762,2.405,1
1432,25,2323.64,7.1,5171.39,2,0.24,1,713,2.225,1
1433,18,3161.18,5.6,2136.55,0,0.248,1,466,0.676,0
1434,20,3730.32,1.8,7672.9,1,0.315,0,565,2.056,0
1435,41,1510.38,1.0,1957.16,0,0.396,0,677,1.295,0
1436,40,1000.0,7.1,1154.52,1,0.278,1,507,1.153,0
1437,25,1470.37,3.2,1155.83,3,0.508,1,578,0.786,1
1438,64,2059.34,1.3,2991.03,2,0.406,1,594,1.452,1
1439,54,1116.69,4.8,2037.64,1,0.224,1,629,1.823,1
1440,20,1120.38,0.2,1151.0,2,0.248,1,627,1.026,0
1441,68,2147.14,2.0,3377.56,2,0.148,1,626,1.572,0
1442,50,1764.59,3.2,3085.0,2,0.217,0,716,1.747,0
1443,45,1837.94,0.8,3267.49,0,0.225,1,628,1.777,0
1444,64,1237.38,20.9,160.75,1,0.453,0,619,0.13,0
1445,25,1611.3,1.2,3463.29,1,0.143,1,542,2.148,0
1446,51,1138.97,0.7,1304.85,1,0.277,1,731,1.145,1
1447,52,2821.71,1.1,1851.16,1,0.233,1,596,0.656,0
1448,49,3033.96,7.3,1833.76,0,0.322,0,563,0.604,0
1449,41,1000.0,2.8,1207.54,0,0.324,1,667,1.206,0
1450,31,1135.97,4.2,2518.54,1,0.254,1,588,2.215,1
1451,49,1000.0,0.1,945.87,1,0.186,0,607,0.945,1
1452,63,1306.34,0.2,2448.5,0,0.637,1,670,1.873,0
1453,60,1734.16,3.0,419.75,3,0.261,0,623,0.242,1
1454,33,1000.0,8.5,1190.14,2,0.658,0,834,1.189,0
1455,21,1140.33,10.8,2827.12,2,0.339,0,644,2.477,0
1456,69,1094.47,0.5,2108.04,1,0.201,1,699,1.924,0
1457,54,2005.47,3.9,1055.52,0,0.216,1,494,0.526,0
1458,38,1871.83,12.2,2346.53,2,0.105,0,581,1.253,0
1459,31,1260.33,2.5,736.11,0,0.367,1,563,0.584,1
1460,48,1975.17,8.8,2022.38,1,0.047,1,573,1.023,0
1461,65,1375.62,0.7,2682.75,1,0.329,0,683,1.949,0
1462,35,1578.41,13.7,3043.27,2,0.146,1,732,1.927,0
1463,24,4174.4,7.0,2380.46,1,0.298,0,677,0.57,0
1464,27,3534.16,14.2,8148.21,0,0.298,0,631,2.305,0
1465,24,1000.0,5.6,1481.42,2,0.155,0,599,1.48,0
1466,50,2737.68,2.3,2600.28,0,0.198,1,739,0.949,0
1467,40,2712.7,13.9,3404.0,2,0.482,1,815,1.254,0
1468,38,1018.28,1.6,1540.33,2,0.504,1,660,1.511,1
1469,36,2722.73,2.0,3811.07,0,0.28,1,725,1.399,0
1470,65,3900.91,6.0,4743.56,2,0.388,1,677,1.216,0
1471,36,1031.46,7.2,1302.04,1,0.582,1,710,1.261,0
1472,53,1142.81,13.3,504.01,1,0.27,1,556,0.441,0
1473,46,3007.4,1.1,6110.53,0,0.115,1,610,2.031,0
1474,35,2070.92,8.0,2804.85,4,0.513,0,681,1.354,0
1475,19,2382.1,6.7,780.61,2,0.122,1,746,0.328,0
1476,18,2143.71,0.3,4106.05,3,0.132,1,584,1.914,1
1477,64,2198.1,2.4,5124.01,2,0.39,1,487,2.33,0
1478,22,1000.0,1.7,2368.27,3,0.135,0,610,2.366,1
1479,37,3052.32,1.8,2815.91,2,0.067,1,730,0.922,0
1480,28,3244.75,20.4,1099.3,0,0.22,1,523,0.339,0
1481,59,1612.12,5.1,2089.3,2,0.111,1,555,1.295,0
1482,19,1769.16,6.3,498.06,1,0.425,1,662,0.281,0
1483,20,1000.0,18.8,2334.97,1,0.342,0,640,2.333,0
1484,40,2338.18,2.4,1073.1,3,0.56,0,697,0.459,0
1485,29,2406.74,8.1,1520.85,0,0.349,1,551,0.632,0
1486,37,1752.69,2.9,1781.76,3,0.274,0,624,1.016,1
1487,22,3172.19,10.2,3038.67,2,0.66,0,745,0.958,1
1488,54,1529.91,1.0,3039.4,1,0.249,0,554,1.985,0
1489,55,2397.79,14.8,2735.38,2,0.081,1,768,1.14,0
1490,47,1085.9,1.2,463.59,2,0.402,1,564,0.427,0
1491,26,1786.88,2.0,1193.68,2,0.241,1,717,0.668,1
1492,51,1657.1,7.1,2109.13,0,0.291,1,620,1.272,0
1493,70,2023.64,2.5,745.98,1,0.149,1,558,0.368,0
1494,61,1503.03,4.7,2298.34,0,0.184,0,610,1.528,0
1495,52,1693.01,2.9,2394.54,1,0.245,0,693,1.414,0
1496,69,2732.64,6.8,4882.56,3,0.098,0,649,1.786,0
1497,39,1453.34,1.3,3407.0,1,0.197,1,739,2.343,0
1498,61,1000.0,0.3,2280.64,3,0.267,1,764,2.278,1
1499,41,4336.37,1.8,10256.33,0,0.412,1,555,2.365,1
1500,34,3607.34,3.2,2206.93,1,0.107,1,549,0.612,0
1501,27,1000.0,0.9,328.91,1,0.185,0,545,0.329,1
1502,47,2552.56,2.2,1928.95,4,0.124,1,578,0.755,0
1503,63,1406.01,2.6,3146.25,4,0.274,0,738,2.236,0
1504,40,2062.64,0.3,5012.5,1,0.182,1,694,2.429,0
1505,49,2094.59,4.4,4499.83,1,0.115,1,606,2.147,1
1506,34,1608.08,10.8,442.29,3,0.355,1,649,0.275,0
1507,67,1221.84,0.8,2894.03,1,0.392,1,762,2.367,0
1508,68,1280.15,4.6,1354.9,1,0.265,1,802,1.058,0
1509,34,1143.56,5.5,26.62,2,0.837,1,670,0.023,1
1510,31,1192.84,2.7,1319.26,1,0.322,1,437,1.105,1
1511,26,1748.32,6.0,201.36,2,0.121,0,673,0.115,0
1512,57,1264.11,2.6,1718.8,0,0.38,0,724,1.359,0
1513,19,2542.81,3.5,2152.2,1,0.266,0,667,0.846,1
1514,62,3803.3,0.0,4501.53,1,0.285,0,708,1.183,0
1515,42,1352.86,5.9,2073.83,0,0.489,0,678,1.532,0
1516,56,2037.96,5.4,4426.44,1,0.163,1,551,2.171,0
1517,26,2321.21,0.2,3841.03,1,0.065,1,579,1.654,0
1518,39,2289.3,2.3,2484.17,0,0.171,1,624,1.085,0
1519,60,1878.03,19.3,3847.27,3,0.287,0,735,2.047,1
1520,63,2621.08,2.7,5934.01,2,0.132,1,588,2.263,0
1521,21,2301.06,3.5,688.94,2,0.39,1,686,0.299,0
1522,43,1000.0,12.0,1329.83,2,0.361,0,674,1.329,1
1523,46,2792.18,6.3,1986.02,1,0.139,1,776,0.711,0
1524,62,2817.61,4.4,331.5,2,0.262,0,646,0.118,0
1525,51,1234.42,8.0,2063.17,2,0.669,0,509,1.67,1
1526,40,1842.67,10.0,3974.5,3,0.421,1,701,2.156,0
1527,54,2544.44,3.1,1036.24,1,0.233,1,821,0.407,0
1528,28,1628.38,3.2,3307.3,3,0.335,0,706,2.03,0
1529,23,3091.74,2.4,6596.19,1,0.177,1,586,2.133,0
1530,35,5895.45,17.0,13476.12,2,0.199,0,563,2.285,0
1531,38,1220.49,6.0,809.44,1,0.802,0,573,0.663,1
1532,59,1000.0,0.4,2259.88,0,0.068,1,810,2.258,0
1533,53,2104.66,9.9,1687.22,2,0.35,1,623,0.801,0
1534,58,2593.55,3.3,3581.28,2,0.327,1,596,1.38,0
1535,55,1610.93,0.4,203.41,0,0.307,1,637,0.126,0
1536,51,3739.21,4.0,410.2,3,0.301,1,624,0.11,0
1537,34,1000.0,2.7,1800.93,0,0.541,0,775,1.799,0
1538,54,2556.67,10.5,2840.97,0,0.212,1,568,1.111,0
1539,42,1335.51,1.1,855.7,2,0.335,0,744,0.64,0
1540,55,4271.37,8.8,2033.31,4,0.016,1,659,0.476,0
1541,29,4896.41,4.1,8200.92,1,0.142,1,746,1.675,0
1542,40,1232.34,0.3,1.24,3,0.302,1,776,0.001,0
1543,70,1373.64,17.9,2767.52,3,0.125,0,656,2.013,0
1544,59,2778.85,3.6,550.56,2,0.35,1,624,0.198,0
1545,39,1489.86,1.7,713.23,1,0.358,1,655,0.478,0
1546,38,1767.45,3.2,1706.64,3,0.34,0,642,0.965,1
1547,44,1831.14,9.8,2219.61,4,0.242,1,517,1.211,1
1548,48,1000.0,1.8,887.49,2,0.227,1,774,0.887,0
1549,23,1795.58,1.1,1439.66,2,0.055,1,669,0.801,0
1550,44,1280.67,0.7,3086.14,3,0.294,0,556,2.408,0
1551,57,1412.96,1.8,2266.31,0,0.367,1,484,1.603,0
1552,51,3721.25,7.6,218.0,1,0.301,1,463,0.059,0
1553,29,1000.0,3.2,1075.44,1,0.339,1,711,1.074,1
1554,62,2715.15,1.3,5939.45,1,0.057,0,600,2.187,0
1555,70,1572.65,0.9,1185.21,2,0.42,1,613,0.753,0
1556,24,1572.03,2.0,371.61,4,0.161,1,689,0.236,1
1557,27,2684.33,14.1,5089.38,2,0.217,1,608,1.895,0
1558,62,2143.14,2.1,3246.93,2,0.504,1,693,1.514,0
1559,34,2405.0,22.2,3429.01,0,0.321,0,657,1.425,0
1560,43,2933.91,3.3,392.97,4,0.608,1,643,0.134,0
1561,38,1532.03,1.0,538.12,2,0.207,0,524,0.351,0
1562,45,1331.26,11.1,2071.94,1,0.296,0,584,1.555,0
1563,63,1050.92,3.1,546.02,0,0.317,0,698,0.519,0
1564,19,1196.67,6.2,1508.01,2,0.222,1,595,1.259,1
1565,60,7899.44,20.6,10760.65,4,0.101,0,746,1.362,0
1566,18,3368.89,0.3,2387.76,0,0.161,1,837,0.709,0
1567,68,1000.0,0.5,2371.06,0,0.069,0,702,2.369,0
1568,70,1000.0,6.4,2106.16,2,0.178,1,769,2.104,0
1569,53,2300.62,1.7,4154.76,0,0.18,0,707,1.805,0
1570,68,2377.09,1.0,463.5,1,0.362,1,607,0.195,0
1571,43,2379.02,0.2,631.21,2,0.662,0,666,0.265,1
1572,46,1591.64,0.1,1960.83,1,0.335,0,811,1.231,0
1573,38,1698.11,7.4,682.27,1,0.112,0,608,0.402,0
1574,28,2130.13,0.7,5209.59,0,0.51,0,566,2.445,0
1575,57,1887.38,3.2,747.97,0,0.312,1,559,0.396,0
1576,28,1000.0,4.7,1218.67,0,0.048,1,632,1.217,0
1577,53,1611.79,2.8,1467.22,0,0.836,0,569,0.91,1
1578,66,1181.21,0.1,1888.13,2,0.328,1,783,1.597,0
1579,56,1973.58,7.7,636.66,5,0.351,1,667,0.322,0
1580,57,8043.58,0.1,8653.21,2,0.119,1,727,1.076,0
1581,52,2172.73,7.2,1492.15,1,0.312,1,626,0.686,0
1582,51,1545.7,11.2,3430.5,4,0.402,1,558,2.218,1
1583,64,2866.65,2.8,290.86,0,0.375,1,545,0.101,0
1584,41,2301.56,3.8,5257.5,1,0.156,1,577,2.283,1
1585,39,2230.65,3.2,4645.29,0,0.262,1,677,2.082,0
1586,22,2448.98,2.5,1821.86,2,0.392,1,691,0.744,0
1587,50,5055.7,10.9,9976.04,0,0.269,1,698,1.973,0
1588,53,1027.16,11.2,80.15,0,0.312,1,530,0.078,0
1589,64,2291.17,2.0,5538.12,4,0.064,1,649,2.416,0
1590,37,1137.75,4.8,1497.84,3,0.103,0,567,1.315,1
1591,36,2386.91,13.1,1809.76,2,0.269,1,682,0.758,1
1592,52,1142.14,16.4,1035.3,3,0.093,0,688,0.906,0
1593,69,1467.5,3.6,243.62,1,0.458,0,556,0.166,0
1594,60,1560.02,3.0,3858.52,1,0.166,1,727,2.472,0
1595,34,2945.13,1.6,289.3,0,0.198,1,837,0.098,0
1596,62,2861.86,16.0,4685.63,0,0.285,1,716,1.637,0
1597,60,1000.0,0.8,1106.84,1,0.207,1,636,1.106,0
1598,51,1858.39,4.3,4408.65,1,0.169,1,624,2.371,1
1599,26,1268.02,1.7,779.83,0,0.466,1,633,0.615,0
1600,43,1000.0,1.6,1330.22,1,0.346,1,589,1.329,0
1601,19,1622.12,2.6,1956.1,2,0.571,1,670,1.205,1
1602,70,1549.61,33.6,2722.92,0,0.748,0,558,1.756,1
1603,26,6083.64,0.3,1034.37,2,0.324,1,498,0.17,0
1604,26,2245.04,4.3,1087.66,1,0.424,0,667,0.484,0
1605,57,1000.0,0.4,536.41,2,0.24,1,651,0.536,0
1606,34,1363.23,0.8,2515.68,1,0.377,1,604,1.844,1
1607,18,3013.0,2.9,1424.69,2,0.443,1,547,0.473,1
1608,42,5136.98,3.6,7365.04,0,0.155,0,673,1.433,0
1609,60,1000.0,1.5,538.11,1,0.148,1,570,0.538,0
1610,57,1000.0,1.9,2154.06,1,0.082,1,638,2.152,0
1611,59,4607.69,0.5,10853.25,4,0.295,0,791,2.355,0
1612,42,2196.91,1.8,2847.71,1,0.183,1,702,1.296,0
1613,56,1171.28,17.0,1031.63,2,0.421,1,540,0.88,1
1614,52,2362.12,14.5,1382.18,1,0.684,0,548,0.585,0
1615,20,1000.0,2.0,124.45,1,0.274,0,662,0.124,0
1616,67,1811.1,4.2,1215.7,1,0.059,1,539,0.671,1
1617,54,2130.07,12.0,3483.92,3,0.452,1,489,1.635,0
1618,61,2870.19,0.0,3828.96,1,0.245,0,692,1.334,0
1619,61,1089.04,8.3,2570.25,1,0.197,0,675,2.358,0
1620,68,1887.19,14.8,1869.63,0,0.176,1,686,0.99,0
1621,47,1138.3,0.5,1974.55,1,0.071,0,671,1.733,0
1622,55,2054.3,0.9,2513.04,1,0.451,1,644,1.223,0
1623,51,1155.54,16.2,1480.76,2,0.558,1,597,1.28,0
1624,29,1474.32,3.9,986.96,2,0.344,1,691,0.669,0
1625,36,1098.93,0.1,1249.9,1,0.359,1,772,1.136,0
1626,54,2503.81,1.5,2946.89,3,0.068,1,609,1.176,0
1627,61,2777.28,3.0,4906.35,0,0.095,1,568,1.766,0
1628,66,1607.91,5.9,3781.16,0,0.378,1,559,2.35,0
1629,34,1842.94,6.6,1517.3,1,0.1,1,580,0.823,0
1630,27,1000.0,26.9,105.5,3,0.432,1,666,0.105,0
1631,66,1556.45,1.7,1931.14,1,0.505,0,478,1.24,1
1632,64,1763.22,3.9,2400.01,4,0.49,0,685,1.36,1
1633,29,6703.58,3.8,2822.89,0,0.231,1,701,0.421,0
1634,33,1036.93,2.6,1971.37,1,0.472,0,506,1.899,1
1635,41,3759.68,0.9,9257.54,2,0.516,1,571,2.462,0
1636,36,2976.28,19.0,7037.23,0,0.23,1,656,2.364,0
1637,25,2080.41,9.6,1025.15,0,0.095,0,638,0.493,0
1638,48,4356.0,3.4,9532.71,0,0.472,1,691,2.188,0
1639,38,2177.76,4.6,3835.55,0,0.187,1,638,1.76,0
1640,34,2196.41,1.3,2492.08,0,0.227,1,751,1.134,0
1641,40,1760.65,3.9,2379.57,1,0.437,1,624,1.351,1
1642,54,3333.52,5.9,7080.4,2,0.487,1,571,2.123,0
1643,33,3128.27,3.6,3754.98,3,0.158,0,564,1.2,0
1644,23,1322.34,23.2,1233.77,3,0.448,1,708,0.932,0
1645,25,1000.0,4.7,1233.12,3,0.403,0,652,1.232,1
1646,42,1633.55,2.3,2365.09,2,0.278,0,700,1.447,0
1647,35,1211.94,7.4,572.88,1,0.196,1,699,0.472,0
1648,42,1751.52,0.9,3944.89,2,0.238,1,488,2.251,1
1649,29,3356.72,2.4,5657.64,1,0.348,1,558,1.685,1
1650,32,1438.49,2.1,2277.38,1,0.177,1,568,1.582,0
1651,43,1769.74,2.8,440.21,1,0.43,1,584,0.249,1
1652,58,1861.26,7.6,2811.32,2,0.578,0,616,1.51,0
1653,62,2763.4,3.3,835.66,1,0.086,0,729,0.302,0
1654,43,1000.0,7.9,196.74,0,0.136,1,745,0.197,0
1655,64,1334.95,4.3,1759.84,0,0.205,1,626,1.317,0
1656,49,2009.5,2.1,2023.5,2,0.138,1,629,1.006,1
1657,27,3294.6,8.3,4849.73,0,0.332,1,593,1.472,0
1658,33,1413.82,1.4,315.36,1,0.344,0,657,0.223,0
1659,24,1000.0,1.3,1077.46,1,0.241,0,666,1.076,0
1660,34,2464.77,3.5,1077.02,2,0.181,1,714,0.437,0
1661,40,1315.96,1.5,3247.45,3,0.227,1,713,2.466,0
1662,43,1000.0,0.0,1402.88,1,0.154,1,465,1.401,1
1663,38,1323.23,5.2,2274.08,1,0.677,1,637,1.717,0
1664,39,1648.69,3.6,1341.29,0,0.242,1,760,0.813,1
1665,24,1336.26,2.9,316.49,4,0.317,1,614,0.237,1
1666,31,1000.0,17.1,2439.68,0,0.584,1,741,2.437,0
1667,32,2831.42,4.2,2026.3,2,0.112,1,625,0.715,0
1668,70,3420.14,10.0,3623.71,0,0.168,1,663,1.059,0
1669,24,2504.29,0.8,4068.62,0,0.101,1,559,1.624,0
1670,26,1023.68,4.2,63.21,4,0.452,1,562,0.062,1
1671,68,1634.76,10.1,3311.46,4,0.324,1,708,2.024,0
1672,65,1802.16,4.4,2417.49,4,0.056,1,720,1.341,0
1673,25,2439.13,6.3,1696.52,1,0.396,1,652,0.695,0
1674,67,2525.44,2.3,388.97,3,0.148,0,551,0.154,0
1675,40,1252.52,0.5,508.83,3,0.449,1,653,0.406,0
1676,46,1883.71,3.1,4214.96,0,0.344,1,750,2.236,0
1677,35,2272.51,2.5,3897.49,0,0.29,0,789,1.714,0
1678,48,3744.0,10.1,2339.08,3,0.422,1,624,0.625,0
1679,47,2571.52,1.4,421.73,1,0.249,0,517,0.164,0
1680,69,2682.56,17.0,4631.55,4,0.044,1,717,1.726,0
1681,56,1885.43,15.9,2698.09,2,0.366,1,627,1.43,0
1682,52,3660.04,1.4,3701.39,0,0.041,1,725,1.011,0
1683,35,2219.15,2.1,2017.27,0,0.503,1,672,0.909,0
1684,59,1175.51,11.3,637.17,1,0.168,1,579,0.542,0
1685,56,3647.09,17.0,6105.33,1,0.297,1,654,1.674,0
1686,34,2563.05,2.9,6219.67,1,0.416,0,754,2.426,0
1687,31,1448.78,1.9,636.43,1,0.225,1,638,0.439,1
1688,48,1422.62,3.7,2123.67,0,0.012,1,567,1.492,0
1689,41,2097.05,5.8,2223.85,1,0.209,1,522,1.06,0
1690,52,2279.23,1.6,2545.26,1,0.133,0,588,1.116,1
1691,61,1995.49,6.7,1267.87,2,0.288,0,617,0.635,0
1692,62,2112.56,0.3,4357.86,0,0.226,0,715,2.062,0
1693,51,4230.09,0.3,5131.69,3,0.195,1,560,1.213,0
1694,20,3089.52,2.4,4197.16,3,0.234,1,774,1.358,1
1695,54,1988.86,2.2,1515.32,0,0.358,1,543,0.762,0
1696,60,2894.75,1.9,1315.73,2,0.282,1,836,0.454,0
1697,57,1078.94,3.4,231.73,5,0.191,0,788,0.215,0
1698,43,2206.06,1.9,3938.47,2,0.554,0,661,1.784,1
1699,40,4467.81,1.1,2191.84,0,0.121,1,518,0.49,0
1700,61,1621.29,1.9,2797.03,3,0.739,1,645,1.724,1
1701,56,1183.44,18.4,1154.97,0,0.207,1,619,0.975,0
1702,32,1305.0,2.6,1356.46,1,0.562,1,548,1.039,0
1703,66,1048.57,2.9,1229.91,2,0.293,1,673,1.172,0
1704,21,1221.24,4.3,1122.65,0,0.066,1,584,0.919,0
1705,46,1502.29,20.5,377.9,1,0.453,0,592,0.251,0
1706,39,1000.0,1.4,774.08,2,0.205,1,633,0.773,0
1707,42,1822.22,5.7,3023.67,1,0.661,0,604,1.658,0
1708,30,2838.81,6.3,4725.08,0,0.552,1,816,1.664,0
1709,35,1148.4,4.7,821.75,1,0.304,1,607,0.715,0
1710,50,3864.71,0.5,4445.41,3,0.094,1,685,1.15,1
1711,33,2334.13,5.6,1128.83,3,0.271,1,661,0.483,0
1712,62,3026.89,0.3,1591.93,0,0.1,1,678,0.526,0
1713,59,1301.25,4.5,74.98,5,0.286,1,684,0.058,1
1714,61,2771.83,6.7,6214.07,4,0.642,1,720,2.241,0
1715,19,1047.37,1.2,551.72,2,0.127,0,671,0.526,0
1716,52,2821.78,9.2,1605.13,0,0.17,1,667,0.569,0
1717,59,1970.26,0.2,1377.22,1,0.526,0,654,0.699,0
1718,51,2384.22,9.3,759.42,0,0.254,1,638,0.318,0
1719,47,1004.46,3.1,1605.28,1,0.256,1,577,1.597,0
1720,30,1155.7,1.2,217.11,1,0.238,1,645,0.188,0
1721,30,2437.22,0.7,817.7,3,0.162,0,669,0.335,0
1722,35,1125.32,15.3,1813.9,1,0.298,1,682,1.61,0
1723,49,2279.25,0.4,1935.43,0,0.179,1,664,0.849,0
1724,49,1000.0,1.1,1769.87,1,0.079,1,631,1.768,0
1725,52,2763.04,2.1,3850.47,2,0.348,1,645,1.393,0
1726,56,1000.0,4.8,640.05,0,0.326,0,605,0.639,1
1727,63,2383.08,3.9,3877.44,2,0.284,1,675,1.626,0
1728,69,2472.08,0.7,718.59,0,0.256,1,632,0.291,0
1729,46,1276.16,1.7,1711.37,1,0.266,0,664,1.34,0
1730,66,2418.77,1.4,2643.4,1,0.474,1,730,1.092,0
1731,46,2059.51,1.2,1379.22,3,0.065,1,593,0.669,0
1732,70,1381.02,2.6,2085.36,1,0.071,1,697,1.509,0
1733,61,1091.95,6.1,2378.64,1,0.662,0,652,2.176,0
1734,33,1000.0,1.2,2497.26,2,0.706,0,811,2.495,1
1735,61,2153.45,2.3,3271.96,4,0.303,1,632,1.519,0
1736,64,1000.0,2.5,1011.76,2,0.489,0,705,1.011,0
1737,27,1896.32,18.7,1067.66,1,0.198,1,651,0.563,0
1738,47,1584.9,15.5,1018.68,1,0.531,1,538,0.642,1
1739,42,2539.12,8.1,3043.48,0,0.108,1,608,1.198,0
1740,56,1554.61,1.4,1427.43,2,0.288,1,720,0.918,0
1741,37,1533.45,0.4,3503.22,2,0.197,1,615,2.283,1
1742,22,2606.95,1.9,2400.32,2,0.019,0,472,0.92,0
1743,18,2137.79,1.6,1995.87,1,0.084,1,647,0.933,0
1744,47,2117.68,3.5,2030.51,2,0.211,0,562,0.958,1
1745,66,2286.17,7.5,4781.64,2,0.217,1,660,2.091,0
1746,20,1000.0,9.8,1626.97,2,0.285,1,774,1.625,0
1747,62,2639.63,9.3,4052.95,1,0.515,1,711,1.535,0
1748,31,2455.87,2.2,2051.53,3,0.151,1,772,0.835,0
1749,47,1087.52,5.8,2223.73,3,0.206,0,605,2.043,1
1750,67,1600.32,1.9,153.49,1,0.365,1,638,0.096,1
1751,21,1772.85,0.3,3859.49,3,0.225,0,566,2.176,0
1752,35,1690.45,6.0,2166.95,2,0.314,0,595,1.281,1
1753,54,2136.51,0.0,2127.17,4,0.24,1,575,0.995,1
1754,42,3698.5,2.6,4596.94,2,0.543,1,545,1.243,0
1755,65,3105.36,2.0,5181.41,3,0.408,1,759,1.668,0
1756,18,1000.0,5.9,31.91,1,0.403,1,482,0.032,0
1757,70,2467.68,7.3,5376.78,3,0.077,1,759,2.178,0
1758,63,3513.85,1.8,3924.44,1,0.154,1,749,1.117,0
1759,32,2193.83,8.3,1881.03,3,0.511,1,689,0.857,1
1760,26,3119.69,1.7,1078.21,0,0.314,0,560,0.346,0
1761,32,4945.01,3.0,5432.91,0,0.318,1,523,1.098,0
1762,66,3016.51,6.5,3742.9,1,0.11,1,606,1.24,0
1763,41,2048.07,5.9,2066.74,2,0.062,1,700,1.009,0
1764,21,3048.92,21.9,5172.96,1,0.687,0,650,1.696,0
1765,29,1943.89,1.3,2045.44,0,0.236,1,566,1.052,0
1766,54,1829.78,5.4,4397.96,2,0.576,1,741,2.402,1
1767,54,1516.7,4.7,2272.31,0,0.573,0,784,1.497,0
1768,60,3950.93,12.3,7975.73,3,0.3,0,631,2.018,0
1769,23,1200.85,0.9,328.3,2,0.092,0,658,0.273,1
1770,56,3890.08,7.0,3863.73,2,0.185,1,529,0.993,0
1771,63,2321.41,4.2,1954.91,1,0.474,0,616,0.842,0
1772,41,1000.0,1.6,1423.71,0,0.188,1,690,1.422,0
1773,28,2172.91,3.2,4677.82,0,0.637,0,678,2.152,0
1774,30,1000.0,2.0,195.85,1,0.078,1,609,0.196,0
1775,51,2471.93,4.3,448.5,2,0.554,0,628,0.181,0
1776,42,2814.71,11.0,5983.5,4,0.233,0,614,2.125,1
1777,24,1344.56,4.2,715.47,3,0.333,1,627,0.532,0
1778,69,1923.25,5.0,3215.46,3,0.393,0,683,1.671,0
1779,21,4803.4,3.7,6519.15,2,0.315,1,492,1.357,0
1780,25,1404.06,0.3,2923.59,1,0.105,1,644,2.081,0
1781,37,1064.8,1.3,332.99,0,0.44,1,677,0.312,0
1782,46,3792.69,3.4,1230.57,2,0.456,0,604,0.324,1
1783,70,4823.69,1.9,6714.79,0,0.331,1,611,1.392,0
1784,68,1811.39,1.0,4285.64,4,0.073,1,613,2.365,0
1785,62,2998.09,3.5,3110.5,2,0.298,1,611,1.037,0
1786,63,3535.95,1.9,2890.13,0,0.197,0,650,0.817,1
1787,27,1247.33,1.5,1891.85,0,0.091,0,660,1.516,0
1788,60,1418.49,3.1,3299.58,1,0.167,1,481,2.324,0
1789,51,3345.72,0.7,7000.32,1,0.577,1,702,2.092,0
1790,43,4198.6,13.1,10449.1,2,0.296,1,626,2.488,0
1791,58,2395.72,10.1,135.17,0,0.379,1,804,0.056,0
1792,66,1164.55,6.1,328.57,0,0.358,1,554,0.282,0
1793,20,4883.08,0.6,7440.19,1,0.234,1,580,1.523,0
1794,23,1386.47,7.5,2844.26,2,0.158,0,633,2.05,0
1795,22,1529.09,8.3,1090.41,1,0.212,1,683,0.713,0
1796,22,2145.59,7.3,1283.12,3,0.384,1,493,0.598,0
1797,64,3932.69,0.6,7737.34,1,0.628,1,583,1.967,0
1798,40,2771.07,5.2,390.59,1,0.085,1,697,0.141,0
1799,66,2224.82,9.0,2054.53,3,0.167,1,574,0.923,0
1800,26,2279.35,4.3,2882.29,2,0.328,1,759,1.264,0
1801,52,1847.81,5.2,2588.55,2,0.281,0,613,1.4,0
1802,37,2390.05,3.1,4353.57,1,0.49,1,578,1.821,0
1803,66,1000.0,3.8,887.11,3,0.305,1,698,0.886,0
1804,59,1558.84,0.2,2387.69,2,0.407,0,778,1.531,0
1805,52,2039.91,5.1,2985.28,2,0.496,0,683,1.463,0
1806,67,1016.88,0.4,1392.15,2,0.354,0,750,1.368,0
1807,35,2193.3,2.9,3511.93,1,0.446,0,784,1.6,0
1808,34,1632.33,1.7,1058.77,2,0.594,0,576,0.648,1
1809,41,4349.16,3.9,920.38,1,0.204,1,725,0.212,0
1810,20,3969.95,0.7,1183.76,0,0.394,0,528,0.298,0
1811,49,1432.39,5.9,804.22,2,0.058,1,683,0.561,0
1812,52,1676.7,7.9,2096.7,1,0.165,1,644,1.25,0
1813,55,1742.41,0.9,3661.0,4,0.431,1,749,2.1,1
1814,30,1442.55,0.6,2529.13,2,0.51,1,743,1.752,0
1815,64,1993.23,0.8,3931.85,1,0.108,1,695,1.972,0
1816,42,1237.51,10.5,1085.84,0,0.31,1,673,0.877,0
1817,26,1027.3,3.8,1039.26,0,0.729,1,690,1.011,1
1818,21,2468.47,3.1,2429.48,2,0.422,0,654,0.984,0
1819,31,2476.9,0.6,1188.13,1,0.059,0,645,0.479,0
1820,54,1209.35,5.2,185.08,1,0.42,1,765,0.153,0
1821,51,2829.0,10.1,4179.25,2,0.115,0,775,1.477,1
1822,28,1318.45,8.8,3260.58,0,0.263,1,638,2.471,1
1823,58,2052.03,4.9,855.85,4,0.178,0,669,0.417,0
1824,20,2724.86,0.4,318.02,1,0.117,1,656,0.117,0
1825,45,1777.91,0.6,3464.84,0,0.172,1,521,1.948,0
1826,46,2269.63,0.3,1433.19,2,0.228,1,623,0.631,0
1827,26,1396.58,1.5,2896.67,0,0.328,1,777,2.073,0
1828,20,1638.88,0.7,2884.16,0,0.308,1,590,1.759,1
1829,42,1631.2,1.5,3856.45,0,0.422,1,819,2.363,0
1830,51,1244.78,2.4,1272.56,0,0.387,1,743,1.021,0
1831,29,1655.09,14.3,2739.06,4,0.342,1,682,1.654,0
1832,59,1000.0,4.7,1162.14,2,0.051,1,694,1.161,0
1833,26,1414.35,9.0,2229.68,4,0.296,0,576,1.575,1
1834,32,1568.01,6.2,1762.44,1,0.138,1,628,1.123,0
1835,57,1590.67,0.6,750.13,2,0.284,1,765,0.471,0
1836,42,1602.39,6.7,2034.62,1,0.099,1,600,1.269,0
1837,22,1753.06,1.6,2316.6,0,0.399,0,734,1.321,0
1838,28,2297.83,5.1,4656.58,1,0.536,1,539,2.026,0
1839,51,2799.67,2.1,5148.05,2,0.09,0,554,1.838,1
1840,41,1306.51,30.3,2168.13,2,0.316,1,802,1.658,0
1841,32,1000.0,1.5,283.47,2,0.415,1,649,0.283,1
1842,55,1073.82,1.6,1934.53,1,0.345,1,606,1.8,0
1843,25,1417.14,13.3,1772.51,1,0.089,1,759,1.25,0
1844,22,1516.32,0.1,3389.34,2,0.201,1,749,2.234,0
1845,65,1230.29,6.0,2829.26,0,0.202,1,723,2.298,0
1846,43,1000.0,6.5,137.89,0,0.435,1,604,0.138,1
1847,35,1439.34,9.1,2952.95,1,0.296,0,627,2.05,0
1848,23,1979.73,18.3,186.58,2,0.392,1,674,0.094,0
1849,54,2434.54,18.6,2234.73,3,0.363,1,705,0.918,0
1850,65,1368.25,0.3,1855.01,2,0.288,1,609,1.355,0
1851,30,1470.71,8.6,544.53,1,0.227,1,663,0.37,0
1852,45,1137.57,5.2,2122.46,2,0.159,1,671,1.864,0
1853,22,1779.84,5.2,37.18,1,0.081,0,752,0.021,0
1854,30,1182.97,0.7,498.62,3,0.073,0,710,0.421,0
1855,34,2408.03,5.3,3496.44,1,0.281,1,529,1.451,0
1856,67,1000.0,20.2,1785.97,0,0.478,0,632,1.784,0
1857,57,1510.48,12.1,3461.44,1,0.306,1,575,2.29,0
1858,62,2101.81,2.9,3707.05,0,0.365,1,695,1.763,0
1859,49,1982.11,0.2,3328.85,3,0.292,1,723,1.679,0
1860,46,6950.14,2.2,6851.81,1,0.041,1,658,0.986,0
1861,68,2153.61,8.8,6.92,2,0.286,1,628,0.003,0
1862,20,1094.41,6.0,328.76,1,0.315,1,655,0.3,1
1863,57,1723.77,3.1,2303.62,4,0.516,1,666,1.336,0
1864,51,1000.0,0.3,1687.82,0,0.592,0,598,1.686,0
1865,57,1736.63,2.8,1812.38,0,0.259,1,552,1.043,1
1866,44,1192.1,3.2,2177.61,2,0.47,0,485,1.825,1
1867,30,2857.48,13.2,3728.03,1,0.448,1,751,1.304,0
1868,62,1373.65,5.1,254.73,2,0.153,1,689,0.185,0
1869,50,1705.51,1.9,818.71,1,0.099,0,679,0.48,0
1870,23,1315.83,3.7,2763.23,1,0.242,1,751,2.098,0
1871,41,4313.16,0.3,7816.66,0,0.195,1,549,1.812,0
1872,36,1539.76,18.0,3444.29,2,0.342,1,511,2.235,0
1873,33,4520.05,2.2,1328.41,1,0.415,1,680,0.294,0
1874,57,2716.44,3.2,6724.69,0,0.22,1,673,2.475,0
1875,45,2300.85,2.2,1204.53,2,0.336,1,511,0.523,0
1876,50,2174.09,5.7,64.03,2,0.176,0,678,0.029,0
1877,65,2201.51,5.4,5489.59,1,0.134,1,617,2.492,0
1878,58,1000.0,6.3,702.68,1,0.083,1,585,0.702,1
1879,30,1572.71,1.6,2626.51,2,0.045,1,623,1.669,0
1880,60,2758.88,1.9,1218.61,1,0.081,1,454,0.442,0
1881,62,1764.37,0.7,2559.35,1,0.229,1,602,1.45,1
1882,42,1000.0,5.3,2260.09,2,0.18,1,593,2.258,1
1883,70,1761.28,0.2,1409.82,0,0.187,1,694,0.8,0
1884,59,4238.87,4.6,7102.8,3,0.622,0,637,1.675,0
1885,53,3372.62,10.2,1584.32,2,0.544,1,701,0.47,0
1886,44,1752.85,11.1,2737.93,1,0.365,0,446,1.561,1
1887,55,2909.47,3.0,2447.23,3,0.263,1,582,0.841,0
1888,24,1505.3,3.1,794.83,5,0.208,1,694,0.528,1
1889,22,1000.0,0.4,782.96,1,0.469,1,625,0.782,0
1890,60,1138.84,5.6,509.18,1,0.47,0,717,0.447,0
1891,62,3949.9,8.6,8906.19,2,0.281,1,505,2.254,1
1892,68,1576.56,1.4,1565.48,2,0.172,0,708,0.992,0
1893,48,1600.88,2.7,981.66,0,0.281,0,598,0.613,0
1894,40,1556.32,9.1,1744.67,0,0.191,0,591,1.12,0
1895,59,4684.75,10.5,3754.08,4,0.082,1,729,0.801,0
1896,27,4076.44,1.4,7586.45,1,0.424,0,742,1.861,0
1897,49,5482.9,4.0,13312.76,0,0.289,0,732,2.428,0
1898,60,1669.83,1.1,1828.6,0,0.084,1,813,1.094,1
1899,70,2096.05,0.5,4511.93,2,0.387,0,751,2.152,0
1900,47,1000.0,12.1,1414.66,2,0.062,0,586,1.413,0
1901,56,3783.74,8.6,1487.35,3,0.119,1,661,0.393,1
1902,48,1008.39,7.1,1741.04,1,0.434,1,621,1.725,0
1903,35,2015.03,0.2,2586.46,2,0.257,1,812,1.283,1
1904,53,1044.56,9.3,1698.99,2,0.355,1,738,1.625,0
1905,19,1346.91,2.9,2995.82,2,0.368,1,634,2.223,0
1906,31,1189.6,2.1,1309.85,0,0.569,1,720,1.1,0
1907,30,1334.17,4.0,3005.8,1,0.35,1,551,2.251,1
1908,46,1380.83,0.5,2591.36,2,0.037,1,670,1.875,1
1909,29,1374.53,7.1,1679.0,0,0.395,0,574,1.221,0
1910,56,2742.61,4.4,4136.01,0,0.318,1,514,1.508,0
1911,19,1040.62,1.0,847.01,3,0.395,0,712,0.813,0
1912,49,2018.82,1.0,4964.28,2,0.083,1,722,2.458,0
1913,30,3324.18,1.0,5546.0,2,0.178,0,686,1.668,0
1914,63,1398.84,0.3,153.34,1,0.382,0,635,0.11,0
1915,44,1262.74,4.4,1031.1,1,0.197,1,548,0.816,0
1916,66,1611.21,9.2,2510.72,0,0.676,1,557,1.557,0
1917,58,3261.24,0.1,459.29,3,0.397,1,572,0.141,0
1918,34,1992.32,0.3,118.96,1,0.126,0,631,0.06,0
1919,57,1386.3,4.3,1559.67,0,0.198,0,736,1.124,0
1920,48,2302.93,8.6,1915.41,3,0.276,1,734,0.831,1
1921,51,1041.95,2.0,1141.72,1,0.264,1,518,1.095,0
1922,41,2541.93,2.2,1669.37,2,0.209,1,594,0.656,0
1923,62,2217.87,4.5,913.31,1,0.379,1,592,0.412,0
1924,52,1550.13,1.6,2670.66,0,0.447,0,447,1.722,1
1925,65,1188.81,0.1,1529.32,2,0.349,1,695,1.285,0
1926,23,1160.56,6.6,580.73,0,0.325,0,630,0.5,0
1927,36,2362.34,4.9,1887.45,1,0.214,0,640,0.799,1
1928,47,3342.55,4.3,4945.37,1,0.076,0,757,1.479,0
1929,24,1314.68,6.8,237.4,1,0.091,1,657,0.18,0
1930,27,2273.77,5.6,838.18,1,0.268,1,615,0.368,0
1931,58,1000.0,1.2,183.11,1,0.471,1,695,0.183,1
1932,49,1349.77,2.2,2741.11,0,0.478,0,734,2.029,0
1933,51,1780.18,0.7,3348.56,5,0.265,1,673,1.88,1
1934,45,1147.29,0.7,2160.67,0,0.169,1,705,1.882,0
1935,32,1132.01,5.6,2027.21,0,0.6,0,638,1.789,0
1936,47,1294.8,9.8,2166.8,3,0.276,1,643,1.672,1
1937,54,2092.46,16.4,2495.22,1,0.14,1,659,1.192,0
1938,46,1646.38,4.9,2643.59,3,0.436,1,589,1.605,0
1939,39,1000.0,1.0,95.9,2,0.19,1,604,0.096,1
1940,21,1000.0,0.6,1553.66,2,0.313,1,760,1.552,0
1941,37,1334.84,8.4,2595.86,1,0.066,1,810,1.943,0
1942,49,2272.97,4.3,2843.25,2,0.186,0,777,1.25,0
1943,53,1000.0,4.8,893.78,0,0.462,0,544,0.893,0
1944,67,1408.29,7.6,976.75,1,0.142,1,536,0.693,0
1945,21,1389.75,6.1,2233.33,0,0.092,0,554,1.606,0
1946,44,3619.78,9.0,6269.47,1,0.399,1,660,1.732,0
1947,34,1491.43,0.3,3247.46,0,0.513,1,425,2.176,0
1948,29,2189.64,6.9,1873.97,1,0.251,0,602,0.855,0
1949,39,1940.36,9.5,3734.09,1,0.144,1,762,1.923,0
1950,34,1000.0,1.7,1403.39,3,0.345,1,728,1.402,0
1951,27,2654.74,5.1,5859.26,0,0.127,1,609,2.206,0
1952,18,2013.64,1.9,2657.06,0,0.169,1,615,1.319,0
1953,39,2331.19,15.8,3016.73,2,0.528,1,695,1.294,1
1954,43,12875.98,0.2,18601.83,1,0.435,0,724,1.445,1
1955,35,1000.0,4.3,1873.29,4,0.468,1,607,1.871,1
1956,67,4282.74,0.9,10328.8,0,0.242,0,631,2.411,1
1957,31,1565.99,6.2,288.0,1,0.513,1,604,0.184,1
1958,64,2087.38,1.0,278.85,2,0.114,1,543,0.134,0
1959,46,1767.36,1.3,4142.48,4,0.257,1,632,2.343,1
1960,29,1462.47,3.4,1937.32,3,0.237,1,626,1.324,1
1961,53,1359.79,12.3,2090.34,1,0.048,0,549,1.536,0
1962,52,2131.87,1.2,2571.16,1,0.293,1,701,1.205,0
1963,69,1000.0,0.8,234.14,2,0.143,1,688,0.234,0
1964,29,2631.45,7.1,5052.97,0,0.457,1,705,1.919,0
1965,24,1468.36,3.5,2742.99,1,0.343,1,588,1.867,0
1966,46,1027.58,12.1,800.75,0,0.494,1,491,0.779,0
1967,28,1443.74,0.8,1105.33,1,0.505,1,687,0.765,0
1968,50,3389.96,5.2,7100.63,0,0.412,1,596,2.094,0
1969,23,1383.45,1.3,250.26,4,0.143,1,578,0.181,1
1970,64,2162.95,0.9,4764.46,1,0.295,0,549,2.202,0
1971,32,1254.54,5.8,804.98,5,0.177,1,627,0.641,0
1972,49,2641.13,4.5,3915.37,1,0.153,0,776,1.482,0
1973,68,2547.21,7.0,5960.43,0,0.108,1,609,2.339,0
1974,28,4556.47,1.9,7724.62,2,0.259,1,562,1.695,1
1975,40,1656.1,3.0,1715.84,1,0.163,1,702,1.035,0
1976,43,2525.84,2.6,4354.13,2,0.346,1,663,1.723,0
1977,51,1898.91,20.7,1632.96,3,0.41,1,480,0.859,1
1978,63,3456.24,1.7,2395.68,2,0.056,1,702,0.693,0
1979,51,1262.17,1.7,3144.95,0,0.24,1,820,2.49,0
1980,46,2624.12,2.2,4925.42,1,0.086,0,441,1.876,0
1981,21,1640.33,4.2,2643.88,2,0.486,0,551,1.611,0
1982,34,1750.94,1.5,1555.22,0,0.504,0,422,0.888,0
1983,52,1892.92,12.3,232.64,0,0.189,1,643,0.123,1
1984,30,2051.08,1.5,159.25,4,0.137,1,729,0.078,0
1985,58,1705.96,11.3,2363.53,1,0.488,1,658,1.385,0
1986,56,2012.95,0.5,3834.83,2,0.606,1,761,1.904,1
1987,32,3980.09,5.3,5347.04,2,0.271,1,716,1.343,0
1988,46,2959.35,11.9,6220.44,0,0.106,1,786,2.101,0
1989,46,2792.18,0.9,233.33,2,0.131,1,742,0.084,1
1990,28,1439.76,17.3,1320.09,3,0.166,0,617,0.916,1
1991,69,1159.08,3.0,686.96,2,0.251,0,655,0.592,0
1992,49,2915.07,14.6,3259.58,2,0.288,1,580,1.118,0
1993,19,2801.82,5.6,506.96,0,0.39,1,631,0.181,0
1994,64,3775.68,1.8,9006.24,0,0.074,0,654,2.385,0
1995,31,1336.77,1.0,746.1,3,0.252,1,643,0.558,0
1996,37,1611.99,1.8,3716.88,1,0.077,1,757,2.304,0
1997,39,1000.0,0.5,1064.73,1,0.1,1,623,1.064,1
1998,28,1485.88,0.8,3660.93,1,0.311,1,575,2.462,0
1999,44,2975.85,0.6,4121.99,2,0.219,1,580,1.385,0
2000,20,1431.89,2.7,3332.13,3,0.211,0,702,2.325,0
